Time,Source,Destination,Size
1738653958.2572217,cc:4e:24:dd:77:fa,6c:f6:da:80:61:1e,66
1738653958.2576818,6c:f6:da:80:61:1e,cc:4e:24:dd:77:fa,54
1738653958.2582586,6c:f6:da:80:61:1e,cc:4e:24:dd:77:fa,266
1738653958.264798,cc:4e:24:dd:77:fa,6c:f6:da:80:61:1e,54
1738653958.3975253,6c:f6:da:80:61:1e,cc:4e:24:dd:77:fa,55
1738653958.4105363,6c:f6:da:80:61:1e,cc:4e:24:dd:77:fa,55
1738653958.4159846,cc:4e:24:dd:77:fa,6c:f6:da:80:61:1e,66
1738653958.4557898,cc:4e:24:dd:77:fa,6c:f6:da:80:61:1e,66
1738653958.5432696,cc:4e:24:dd:77:fa,6c:f6:da:80:61:1e,1514
1738653958.5442896,cc:4e:24:dd:77:fa,6c:f6:da:80:61:1e,1514
1738653958.5449443,cc:4e:24:dd:77:fa,6c:f6:da:80:61:1e,1369
1738653958.5453227,6c:f6:da:80:61:1e,cc:4e:24:dd:77:fa,54
1738653958.5521324,6c:f6:da:80:61:1e,cc:4e:24:dd:77:fa,212
1738653958.832984,cc:4e:24:dd:77:fa,6c:f6:da:80:61:1e,105
1738653958.833466,cc:4e:24:dd:77:fa,6c:f6:da:80:61:1e,123
1738653958.8338206,6c:f6:da:80:61:1e,cc:4e:24:dd:77:fa,54
1738653958.8376172,6c:f6:da:80:61:1e,cc:4e:24:dd:77:fa,141
1738653958.8383188,6c:f6:da:80:61:1e,cc:4e:24:dd:77:fa,1140
1738653958.8387709,6c:f6:da:80:61:1e,cc:4e:24:dd:77:fa,92
1738653958.8392274,6c:f6:da:80:61:1e,cc:4e:24:dd:77:fa,835
1738653959.1087513,cc:4e:24:dd:77:fa,6c:f6:da:80:61:1e,54
1738653959.1091273,cc:4e:24:dd:77:fa,6c:f6:da:80:61:1e,54
1738653959.1097422,cc:4e:24:dd:77:fa,6c:f6:da:80:61:1e,92
1738653959.1642401,6c:f6:da:80:61:1e,cc:4e:24:dd:77:fa,54
1738653959.4611974,cc:4e:24:dd:77:fa,6c:f6:da:80:61:1e,339
1738653959.4679995,6c:f6:da:80:61:1e,cc:4e:24:dd:77:fa,133
1738653959.4686315,6c:f6:da:80:61:1e,cc:4e:24:dd:77:fa,1370
1738653959.7507896,cc:4e:24:dd:77:fa,6c:f6:da:80:61:1e,54
1738653959.7548223,cc:4e:24:dd:77:fa,6c:f6:da:80:61:1e,160
1738653959.759916,6c:f6:da:80:61:1e,cc:4e:24:dd:77:fa,548
1738653959.7605686,6c:f6:da:80:61:1e,cc:4e:24:dd:77:fa,1494
1738653959.7609556,6c:f6:da:80:61:1e,cc:4e:24:dd:77:fa,61
1738653959.9763932,6c:f6:da:80:61:1e,cc:4e:24:dd:77:fa,55
1738653960.019532,cc:4e:24:dd:77:fa,6c:f6:da:80:61:1e,66
1738653960.0392973,cc:4e:24:dd:77:fa,6c:f6:da:80:61:1e,54
1738653960.039824,cc:4e:24:dd:77:fa,6c:f6:da:80:61:1e,164
1738653960.0453932,6c:f6:da:80:61:1e,cc:4e:24:dd:77:fa,548
1738653960.04606,6c:f6:da:80:61:1e,cc:4e:24:dd:77:fa,1494
1738653960.0470424,6c:f6:da:80:61:1e,cc:4e:24:dd:77:fa,1494
1738653960.0475898,6c:f6:da:80:61:1e,cc:4e:24:dd:77:fa,1494
1738653960.0480714,6c:f6:da:80:61:1e,cc:4e:24:dd:77:fa,1174
1738653960.3559837,cc:4e:24:dd:77:fa,6c:f6:da:80:61:1e,54
1738653960.3563745,cc:4e:24:dd:77:fa,6c:f6:da:80:61:1e,54
1738653960.3568115,cc:4e:24:dd:77:fa,6c:f6:da:80:61:1e,161
1738653960.3696885,6c:f6:da:80:61:1e,cc:4e:24:dd:77:fa,240
1738653960.3847227,6c:f6:da:80:61:1e,cc:4e:24:dd:77:fa,1494
1738653960.385391,6c:f6:da:80:61:1e,cc:4e:24:dd:77:fa,1494
1738653960.3858957,6c:f6:da:80:61:1e,cc:4e:24:dd:77:fa,1494
1738653960.3863602,6c:f6:da:80:61:1e,cc:4e:24:dd:77:fa,842
1738653960.4033804,6c:f6:da:80:61:1e,cc:4e:24:dd:77:fa,55
1738653960.422745,6c:f6:da:80:61:1e,cc:4e:24:dd:77:fa,111
1738653960.4438994,cc:4e:24:dd:77:fa,6c:f6:da:80:61:1e,66
1738653960.4941983,cc:4e:24:dd:77:fa,6c:f6:da:80:61:1e,54
1738653960.6539614,cc:4e:24:dd:77:fa,6c:f6:da:80:61:1e,54
1738653960.6543097,cc:4e:24:dd:77:fa,6c:f6:da:80:61:1e,54
1738653960.678699,cc:4e:24:dd:77:fa,6c:f6:da:80:61:1e,160
1738653960.6833816,6c:f6:da:80:61:1e,cc:4e:24:dd:77:fa,54
1738653960.7455642,cc:4e:24:dd:77:fa,6c:f6:da:80:61:1e,665
1738653960.7460573,cc:4e:24:dd:77:fa,6c:f6:da:80:61:1e,176
1738653960.746655,cc:4e:24:dd:77:fa,6c:f6:da:80:61:1e,85
1738653960.7471743,6c:f6:da:80:61:1e,cc:4e:24:dd:77:fa,54
1738653960.7482314,6c:f6:da:80:61:1e,cc:4e:24:dd:77:fa,89
1738653960.7587018,6c:f6:da:80:61:1e,cc:4e:24:dd:77:fa,83
1738653960.7684598,cc:4e:24:dd:77:fa,6c:f6:da:80:61:1e,227
1738653960.7689404,6c:f6:da:80:61:1e,cc:4e:24:dd:77:fa,66
1738653960.8186991,cc:4e:24:dd:77:fa,6c:f6:da:80:61:1e,54
1738653960.8232868,6c:f6:da:80:61:1e,cc:4e:24:dd:77:fa,82
1738653960.828618,cc:4e:24:dd:77:fa,6c:f6:da:80:61:1e,66
1738653960.8290305,6c:f6:da:80:61:1e,cc:4e:24:dd:77:fa,54
1738653960.8295195,6c:f6:da:80:61:1e,cc:4e:24:dd:77:fa,165
1738653960.8788443,cc:4e:24:dd:77:fa,6c:f6:da:80:61:1e,54
1738653960.887718,cc:4e:24:dd:77:fa,6c:f6:da:80:61:1e,54
1738653960.8882723,cc:4e:24:dd:77:fa,6c:f6:da:80:61:1e,241
1738653960.8886244,cc:4e:24:dd:77:fa,6c:f6:da:80:61:1e,54
1738653960.889003,6c:f6:da:80:61:1e,cc:4e:24:dd:77:fa,54
1738653960.889315,6c:f6:da:80:61:1e,cc:4e:24:dd:77:fa,54
1738653960.9283483,cc:4e:24:dd:77:fa,6c:f6:da:80:61:1e,54
1738653960.9522204,cc:4e:24:dd:77:fa,6c:f6:da:80:61:1e,54
1738653960.9526267,6c:f6:da:80:61:1e,cc:4e:24:dd:77:fa,54
1738653961.497947,6c:f6:da:80:61:1e,cc:4e:24:dd:77:fa,55
1738653961.5460553,cc:4e:24:dd:77:fa,6c:f6:da:80:61:1e,66
1738653961.6870866,6c:f6:da:80:61:1e,cc:4e:24:dd:77:fa,55
1738653961.9214306,6c:f6:da:80:61:1e,cc:4e:24:dd:77:fa,54
1738653961.922026,6c:f6:da:80:61:1e,cc:4e:24:dd:77:fa,85
1738653961.9688847,cc:4e:24:dd:77:fa,6c:f6:da:80:61:1e,54
1738653962.5947318,6c:f6:da:80:61:1e,cc:4e:24:dd:77:fa,55
1738653962.6183672,cc:4e:24:dd:77:fa,6c:f6:da:80:61:1e,66
1738653963.5365338,cc:4e:24:dd:77:fa,6c:f6:da:80:61:1e,81
1738653963.5831382,6c:f6:da:80:61:1e,cc:4e:24:dd:77:fa,54
1738653963.851743,6c:f6:da:80:61:1e,cc:4e:24:dd:77:fa,160
1738653963.8522506,6c:f6:da:80:61:1e,cc:4e:24:dd:77:fa,93
1738653963.8541493,6c:f6:da:80:61:1e,cc:4e:24:dd:77:fa,503
1738653964.0966597,6c:f6:da:80:61:1e,cc:4e:24:dd:77:fa,55
1738653964.1503959,cc:4e:24:dd:77:fa,6c:f6:da:80:61:1e,66
1738653964.1540253,cc:4e:24:dd:77:fa,6c:f6:da:80:61:1e,54
1738653964.1545718,cc:4e:24:dd:77:fa,6c:f6:da:80:61:1e,54
1738653964.1548822,cc:4e:24:dd:77:fa,6c:f6:da:80:61:1e,54
1738653964.1552927,cc:4e:24:dd:77:fa,6c:f6:da:80:61:1e,93
1738653964.1806765,cc:4e:24:dd:77:fa,6c:f6:da:80:61:1e,692
1738653964.1811326,cc:4e:24:dd:77:fa,6c:f6:da:80:61:1e,85
1738653964.228336,6c:f6:da:80:61:1e,cc:4e:24:dd:77:fa,54
1738653964.2288287,6c:f6:da:80:61:1e,cc:4e:24:dd:77:fa,89
1738653964.4576187,6c:f6:da:80:61:1e,cc:4e:24:dd:77:fa,55
1738653964.4993973,cc:4e:24:dd:77:fa,6c:f6:da:80:61:1e,66
1738653964.5232873,cc:4e:24:dd:77:fa,6c:f6:da:80:61:1e,54
1738653964.865351,6c:f6:da:80:61:1e,cc:4e:24:dd:77:fa,97
1738653964.886809,cc:4e:24:dd:77:fa,6c:f6:da:80:61:1e,54
1738653965.005593,cc:4e:24:dd:77:fa,6c:f6:da:80:61:1e,94
1738653965.0521243,6c:f6:da:80:61:1e,cc:4e:24:dd:77:fa,54
1738653965.1947362,6c:f6:da:80:61:1e,cc:4e:24:dd:77:fa,55
1738653965.2722578,6c:f6:da:80:61:1e,cc:4e:24:dd:77:fa,55
1738653965.3662388,cc:4e:24:dd:77:fa,6c:f6:da:80:61:1e,66
1738653965.366975,cc:4e:24:dd:77:fa,6c:f6:da:80:61:1e,66
1738653965.457515,6c:f6:da:80:61:1e,cc:4e:24:dd:77:fa,55
1738653965.7037678,cc:4e:24:dd:77:fa,6c:f6:da:80:61:1e,66
1738653966.1895156,6c:f6:da:80:61:1e,cc:4e:24:dd:77:fa,55
1738653966.233909,cc:4e:24:dd:77:fa,6c:f6:da:80:61:1e,66
1738653966.4374275,6c:f6:da:80:61:1e,cc:4e:24:dd:77:fa,55
1738653966.4667468,cc:4e:24:dd:77:fa,6c:f6:da:80:61:1e,66
1738653966.5297172,6c:f6:da:80:61:1e,cc:4e:24:dd:77:fa,55
1738653966.548939,cc:4e:24:dd:77:fa,6c:f6:da:80:61:1e,66
1738653968.9022295,6c:f6:da:80:61:1e,cc:4e:24:dd:77:fa,133
1738653968.9026566,6c:f6:da:80:61:1e,cc:4e:24:dd:77:fa,93
1738653968.9031563,6c:f6:da:80:61:1e,cc:4e:24:dd:77:fa,813
1738653968.9210854,cc:4e:24:dd:77:fa,6c:f6:da:80:61:1e,54
1738653968.9221244,cc:4e:24:dd:77:fa,6c:f6:da:80:61:1e,54
1738653968.922503,cc:4e:24:dd:77:fa,6c:f6:da:80:61:1e,54
1738653968.9229205,cc:4e:24:dd:77:fa,6c:f6:da:80:61:1e,93
1738653968.9681334,6c:f6:da:80:61:1e,cc:4e:24:dd:77:fa,54
1738653969.0559108,cc:4e:24:dd:77:fa,6c:f6:da:80:61:1e,137
1738653969.0570621,6c:f6:da:80:61:1e,cc:4e:24:dd:77:fa,93
1738653969.0932653,cc:4e:24:dd:77:fa,6c:f6:da:80:61:1e,54
1738653969.6129515,6c:f6:da:80:61:1e,cc:4e:24:dd:77:fa,55
1738653969.6330442,cc:4e:24:dd:77:fa,6c:f6:da:80:61:1e,66
1738653970.3148074,6c:f6:da:80:61:1e,cc:4e:24:dd:77:fa,55
1738653970.3382437,cc:4e:24:dd:77:fa,6c:f6:da:80:61:1e,66
1738653970.4339962,6c:f6:da:80:61:1e,cc:4e:24:dd:77:fa,111
1738653970.4858494,cc:4e:24:dd:77:fa,6c:f6:da:80:61:1e,54
1738653970.7583857,cc:4e:24:dd:77:fa,6c:f6:da:80:61:1e,515
1738653970.7589207,cc:4e:24:dd:77:fa,6c:f6:da:80:61:1e,176
1738653970.7593396,cc:4e:24:dd:77:fa,6c:f6:da:80:61:1e,85
1738653970.7596955,6c:f6:da:80:61:1e,cc:4e:24:dd:77:fa,54
1738653970.7601008,6c:f6:da:80:61:1e,cc:4e:24:dd:77:fa,89
1738653970.811553,cc:4e:24:dd:77:fa,6c:f6:da:80:61:1e,54
1738653973.4028344,6c:f6:da:80:61:1e,cc:4e:24:dd:77:fa,55
1738653973.4316952,cc:4e:24:dd:77:fa,6c:f6:da:80:61:1e,66
1738653974.1700642,cc:4e:24:dd:77:fa,6c:f6:da:80:61:1e,247
1738653974.1710162,6c:f6:da:80:61:1e,cc:4e:24:dd:77:fa,89
1738653974.171902,6c:f6:da:80:61:1e,cc:4e:24:dd:77:fa,89
1738653974.2157536,cc:4e:24:dd:77:fa,6c:f6:da:80:61:1e,54
1738653974.2164104,cc:4e:24:dd:77:fa,6c:f6:da:80:61:1e,54
1738653974.5677834,6c:f6:da:80:61:1e,cc:4e:24:dd:77:fa,101
1738653974.5727146,cc:4e:24:dd:77:fa,6c:f6:da:80:61:1e,308
1738653974.573192,6c:f6:da:80:61:1e,cc:4e:24:dd:77:fa,66
1738653974.8554718,cc:4e:24:dd:77:fa,6c:f6:da:80:61:1e,66
1738653974.8558843,6c:f6:da:80:61:1e,cc:4e:24:dd:77:fa,54
1738653974.8563662,6c:f6:da:80:61:1e,cc:4e:24:dd:77:fa,571
1738653974.861482,cc:4e:24:dd:77:fa,6c:f6:da:80:61:1e,54
1738653975.1312635,cc:4e:24:dd:77:fa,6c:f6:da:80:61:1e,153
1738653975.1324818,6c:f6:da:80:61:1e,cc:4e:24:dd:77:fa,500
1738653975.4054418,cc:4e:24:dd:77:fa,6c:f6:da:80:61:1e,1514
1738653975.406194,cc:4e:24:dd:77:fa,6c:f6:da:80:61:1e,82
1738653975.4069057,cc:4e:24:dd:77:fa,6c:f6:da:80:61:1e,1514
1738653975.4077063,cc:4e:24:dd:77:fa,6c:f6:da:80:61:1e,1514
1738653975.4081318,6c:f6:da:80:61:1e,cc:4e:24:dd:77:fa,66
1738653975.4084892,6c:f6:da:80:61:1e,cc:4e:24:dd:77:fa,66
1738653975.4088664,6c:f6:da:80:61:1e,cc:4e:24:dd:77:fa,54
1738653975.4095895,6c:f6:da:80:61:1e,cc:4e:24:dd:77:fa,352
1738653975.5134537,6c:f6:da:80:61:1e,cc:4e:24:dd:77:fa,82
1738653975.536163,cc:4e:24:dd:77:fa,6c:f6:da:80:61:1e,54
1738653975.6662579,cc:4e:24:dd:77:fa,6c:f6:da:80:61:1e,157
1738653975.6667302,cc:4e:24:dd:77:fa,6c:f6:da:80:61:1e,403
1738653975.667695,cc:4e:24:dd:77:fa,6c:f6:da:80:61:1e,81
1738653975.668446,6c:f6:da:80:61:1e,cc:4e:24:dd:77:fa,54
1738653975.6690173,6c:f6:da:80:61:1e,cc:4e:24:dd:77:fa,54
1738653975.6694975,6c:f6:da:80:61:1e,cc:4e:24:dd:77:fa,78
1738653975.669815,6c:f6:da:80:61:1e,cc:4e:24:dd:77:fa,54
1738653975.9246726,cc:4e:24:dd:77:fa,6c:f6:da:80:61:1e,54
1738653975.9822218,6c:f6:da:80:61:1e,cc:4e:24:dd:77:fa,55
1738653976.0373976,cc:4e:24:dd:77:fa,6c:f6:da:80:61:1e,66
1738653976.067781,6c:f6:da:80:61:1e,cc:4e:24:dd:77:fa,66
1738653976.068193,6c:f6:da:80:61:1e,cc:4e:24:dd:77:fa,66
1738653976.3303387,cc:4e:24:dd:77:fa,6c:f6:da:80:61:1e,66
1738653976.3308282,6c:f6:da:80:61:1e,cc:4e:24:dd:77:fa,54
1738653976.3312924,6c:f6:da:80:61:1e,cc:4e:24:dd:77:fa,571
1738653976.3388886,cc:4e:24:dd:77:fa,6c:f6:da:80:61:1e,54
1738653976.3392668,cc:4e:24:dd:77:fa,6c:f6:da:80:61:1e,66
1738653976.3396034,6c:f6:da:80:61:1e,cc:4e:24:dd:77:fa,54
1738653976.3401124,6c:f6:da:80:61:1e,cc:4e:24:dd:77:fa,571
1738653976.34263,cc:4e:24:dd:77:fa,6c:f6:da:80:61:1e,54
1738653976.5971084,cc:4e:24:dd:77:fa,6c:f6:da:80:61:1e,153
1738653976.5984237,6c:f6:da:80:61:1e,cc:4e:24:dd:77:fa,500
1738653976.6028209,cc:4e:24:dd:77:fa,6c:f6:da:80:61:1e,153
1738653976.6042154,6c:f6:da:80:61:1e,cc:4e:24:dd:77:fa,500
1738653976.876561,cc:4e:24:dd:77:fa,6c:f6:da:80:61:1e,1514
1738653976.8772106,cc:4e:24:dd:77:fa,6c:f6:da:80:61:1e,1514
1738653976.877619,cc:4e:24:dd:77:fa,6c:f6:da:80:61:1e,82
1738653976.878149,cc:4e:24:dd:77:fa,6c:f6:da:80:61:1e,1514
1738653976.8785439,6c:f6:da:80:61:1e,cc:4e:24:dd:77:fa,54
1738653976.8788686,6c:f6:da:80:61:1e,cc:4e:24:dd:77:fa,66
1738653976.8830562,6c:f6:da:80:61:1e,cc:4e:24:dd:77:fa,54
1738653976.8837574,cc:4e:24:dd:77:fa,6c:f6:da:80:61:1e,1514
1738653976.884584,cc:4e:24:dd:77:fa,6c:f6:da:80:61:1e,1514
1738653976.8850298,cc:4e:24:dd:77:fa,6c:f6:da:80:61:1e,82
1738653976.8858788,cc:4e:24:dd:77:fa,6c:f6:da:80:61:1e,1514
1738653976.8862684,6c:f6:da:80:61:1e,cc:4e:24:dd:77:fa,54
1738653976.8866007,6c:f6:da:80:61:1e,cc:4e:24:dd:77:fa,66
1738653976.8870606,6c:f6:da:80:61:1e,cc:4e:24:dd:77:fa,54
1738653976.887607,6c:f6:da:80:61:1e,cc:4e:24:dd:77:fa,352
1738653976.8880808,6c:f6:da:80:61:1e,cc:4e:24:dd:77:fa,352
1738653977.1330252,cc:4e:24:dd:77:fa,6c:f6:da:80:61:1e,157
1738653977.1334867,cc:4e:24:dd:77:fa,6c:f6:da:80:61:1e,403
1738653977.1341283,cc:4e:24:dd:77:fa,6c:f6:da:80:61:1e,81
1738653977.1345747,6c:f6:da:80:61:1e,cc:4e:24:dd:77:fa,54
1738653977.1350405,6c:f6:da:80:61:1e,cc:4e:24:dd:77:fa,54
1738653977.1353664,6c:f6:da:80:61:1e,cc:4e:24:dd:77:fa,54
1738653977.1357603,6c:f6:da:80:61:1e,cc:4e:24:dd:77:fa,78
1738653977.1401787,cc:4e:24:dd:77:fa,6c:f6:da:80:61:1e,157
1738653977.140696,cc:4e:24:dd:77:fa,6c:f6:da:80:61:1e,403
1738653977.1411052,cc:4e:24:dd:77:fa,6c:f6:da:80:61:1e,81
1738653977.1415045,6c:f6:da:80:61:1e,cc:4e:24:dd:77:fa,54
1738653977.1418095,6c:f6:da:80:61:1e,cc:4e:24:dd:77:fa,54
1738653977.142318,6c:f6:da:80:61:1e,cc:4e:24:dd:77:fa,78
1738653977.1426296,6c:f6:da:80:61:1e,cc:4e:24:dd:77:fa,54
1738653977.3866918,cc:4e:24:dd:77:fa,6c:f6:da:80:61:1e,54
1738653977.4002173,cc:4e:24:dd:77:fa,6c:f6:da:80:61:1e,54
1738653977.9294293,6c:f6:da:80:61:1e,cc:4e:24:dd:77:fa,85
1738653977.9771125,cc:4e:24:dd:77:fa,6c:f6:da:80:61:1e,54
1738653978.3694658,6c:f6:da:80:61:1e,cc:4e:24:dd:77:fa,172
1738653978.369892,6c:f6:da:80:61:1e,cc:4e:24:dd:77:fa,93
1738653978.3705764,6c:f6:da:80:61:1e,cc:4e:24:dd:77:fa,1494
1738653978.3710213,6c:f6:da:80:61:1e,cc:4e:24:dd:77:fa,633
1738653978.6283035,cc:4e:24:dd:77:fa,6c:f6:da:80:61:1e,54
1738653978.6286597,cc:4e:24:dd:77:fa,6c:f6:da:80:61:1e,54
1738653978.6290667,cc:4e:24:dd:77:fa,6c:f6:da:80:61:1e,93
1738653978.6813092,6c:f6:da:80:61:1e,cc:4e:24:dd:77:fa,54
1738653978.9402401,cc:4e:24:dd:77:fa,6c:f6:da:80:61:1e,153
1738653978.941267,6c:f6:da:80:61:1e,cc:4e:24:dd:77:fa,89
1738653979.3958693,6c:f6:da:80:61:1e,cc:4e:24:dd:77:fa,89
1738653979.405771,cc:4e:24:dd:77:fa,6c:f6:da:80:61:1e,54
1738653979.4979732,cc:4e:24:dd:77:fa,6c:f6:da:80:61:1e,81
1738653979.5515206,6c:f6:da:80:61:1e,cc:4e:24:dd:77:fa,54
1738653979.6536825,cc:4e:24:dd:77:fa,6c:f6:da:80:61:1e,66
1738653980.4511006,6c:f6:da:80:61:1e,cc:4e:24:dd:77:fa,111
1738653980.5028741,cc:4e:24:dd:77:fa,6c:f6:da:80:61:1e,54
1738653980.672538,cc:4e:24:dd:77:fa,6c:f6:da:80:61:1e,432
1738653980.6791692,6c:f6:da:80:61:1e,cc:4e:24:dd:77:fa,188
1738653980.7716508,cc:4e:24:dd:77:fa,6c:f6:da:80:61:1e,513
1738653980.7722697,cc:4e:24:dd:77:fa,6c:f6:da:80:61:1e,176
1738653980.7726836,cc:4e:24:dd:77:fa,6c:f6:da:80:61:1e,85
1738653980.773037,6c:f6:da:80:61:1e,cc:4e:24:dd:77:fa,54
1738653980.777515,6c:f6:da:80:61:1e,cc:4e:24:dd:77:fa,89
1738653980.8163533,cc:4e:24:dd:77:fa,6c:f6:da:80:61:1e,54
1738653980.8291698,cc:4e:24:dd:77:fa,6c:f6:da:80:61:1e,54
1738653980.869819,6c:f6:da:80:61:1e,cc:4e:24:dd:77:fa,75
1738653980.8731616,6c:f6:da:80:61:1e,cc:4e:24:dd:77:fa,54
1738653980.8735476,6c:f6:da:80:61:1e,cc:4e:24:dd:77:fa,54
1738653980.873875,6c:f6:da:80:61:1e,cc:4e:24:dd:77:fa,54
1738653980.8741772,6c:f6:da:80:61:1e,cc:4e:24:dd:77:fa,54
1738653980.8745158,6c:f6:da:80:61:1e,cc:4e:24:dd:77:fa,54
1738653980.8748355,6c:f6:da:80:61:1e,cc:4e:24:dd:77:fa,54
1738653980.8751242,6c:f6:da:80:61:1e,cc:4e:24:dd:77:fa,54
1738653980.877266,6c:f6:da:80:61:1e,cc:4e:24:dd:77:fa,54
1738653980.8784313,cc:4e:24:dd:77:fa,6c:f6:da:80:61:1e,91
1738653980.8788776,6c:f6:da:80:61:1e,cc:4e:24:dd:77:fa,54
1738653980.8837533,6c:f6:da:80:61:1e,cc:4e:24:dd:77:fa,138
1738653980.8842618,6c:f6:da:80:61:1e,cc:4e:24:dd:77:fa,93
1738653980.8967102,6c:f6:da:80:61:1e,cc:4e:24:dd:77:fa,66
1738653980.9021516,cc:4e:24:dd:77:fa,6c:f6:da:80:61:1e,54
1738653980.9025347,cc:4e:24:dd:77:fa,6c:f6:da:80:61:1e,54
1738653980.9029562,cc:4e:24:dd:77:fa,6c:f6:da:80:61:1e,93
1738653980.9444623,6c:f6:da:80:61:1e,cc:4e:24:dd:77:fa,54
1738653980.9479065,cc:4e:24:dd:77:fa,6c:f6:da:80:61:1e,66
1738653980.9483252,6c:f6:da:80:61:1e,cc:4e:24:dd:77:fa,54
1738653980.9488156,6c:f6:da:80:61:1e,cc:4e:24:dd:77:fa,468
1738653980.9747963,cc:4e:24:dd:77:fa,6c:f6:da:80:61:1e,149
1738653980.9752944,cc:4e:24:dd:77:fa,6c:f6:da:80:61:1e,128
1738653980.9757166,cc:4e:24:dd:77:fa,6c:f6:da:80:61:1e,85
1738653980.9761298,cc:4e:24:dd:77:fa,6c:f6:da:80:61:1e,93
1738653980.9764817,6c:f6:da:80:61:1e,cc:4e:24:dd:77:fa,54
1738653980.976784,6c:f6:da:80:61:1e,cc:4e:24:dd:77:fa,54
1738653980.9771526,6c:f6:da:80:61:1e,cc:4e:24:dd:77:fa,93
1738653980.9775195,6c:f6:da:80:61:1e,cc:4e:24:dd:77:fa,89
1738653980.993984,cc:4e:24:dd:77:fa,6c:f6:da:80:61:1e,54
1738653980.9944086,cc:4e:24:dd:77:fa,6c:f6:da:80:61:1e,54
1738653981.1763358,6c:f6:da:80:61:1e,cc:4e:24:dd:77:fa,54
1738653981.1767323,6c:f6:da:80:61:1e,cc:4e:24:dd:77:fa,54
1738653981.1770747,6c:f6:da:80:61:1e,cc:4e:24:dd:77:fa,54
1738653981.1773872,6c:f6:da:80:61:1e,cc:4e:24:dd:77:fa,54
1738653981.1777062,6c:f6:da:80:61:1e,cc:4e:24:dd:77:fa,54
1738653981.177997,6c:f6:da:80:61:1e,cc:4e:24:dd:77:fa,54
1738653981.1782906,6c:f6:da:80:61:1e,cc:4e:24:dd:77:fa,54
1738653981.1785977,6c:f6:da:80:61:1e,cc:4e:24:dd:77:fa,54
1738653981.178899,6c:f6:da:80:61:1e,cc:4e:24:dd:77:fa,54
1738653981.230032,cc:4e:24:dd:77:fa,6c:f6:da:80:61:1e,183
1738653981.2340887,cc:4e:24:dd:77:fa,6c:f6:da:80:61:1e,117
1738653981.2345731,cc:4e:24:dd:77:fa,6c:f6:da:80:61:1e,157
1738653981.2349498,6c:f6:da:80:61:1e,cc:4e:24:dd:77:fa,54
1738653981.2855127,6c:f6:da:80:61:1e,cc:4e:24:dd:77:fa,54
1738653981.4174283,cc:4e:24:dd:77:fa,6c:f6:da:80:61:1e,106
1738653981.4211667,cc:4e:24:dd:77:fa,6c:f6:da:80:61:1e,113
1738653981.4216447,6c:f6:da:80:61:1e,cc:4e:24:dd:77:fa,54
1738653981.4220781,6c:f6:da:80:61:1e,cc:4e:24:dd:77:fa,96
1738653981.4224877,6c:f6:da:80:61:1e,cc:4e:24:dd:77:fa,107
1738653981.4233139,6c:f6:da:80:61:1e,cc:4e:24:dd:77:fa,100
1738653981.4271107,6c:f6:da:80:61:1e,cc:4e:24:dd:77:fa,95
1738653981.429403,6c:f6:da:80:61:1e,cc:4e:24:dd:77:fa,206
1738653981.4389606,cc:4e:24:dd:77:fa,6c:f6:da:80:61:1e,110
1738653981.441351,cc:4e:24:dd:77:fa,6c:f6:da:80:61:1e,153
1738653981.4419549,cc:4e:24:dd:77:fa,6c:f6:da:80:61:1e,1446
1738653981.4423306,6c:f6:da:80:61:1e,cc:4e:24:dd:77:fa,66
1738653981.442666,6c:f6:da:80:61:1e,cc:4e:24:dd:77:fa,54
1738653981.4440925,cc:4e:24:dd:77:fa,6c:f6:da:80:61:1e,162
1738653981.44469,cc:4e:24:dd:77:fa,6c:f6:da:80:61:1e,1446
1738653981.4451952,6c:f6:da:80:61:1e,cc:4e:24:dd:77:fa,66
1738653981.4455414,6c:f6:da:80:61:1e,cc:4e:24:dd:77:fa,54
1738653981.4487672,cc:4e:24:dd:77:fa,6c:f6:da:80:61:1e,1416
1738653981.4492843,cc:4e:24:dd:77:fa,6c:f6:da:80:61:1e,97
1738653981.449653,6c:f6:da:80:61:1e,cc:4e:24:dd:77:fa,54
1738653981.4499602,6c:f6:da:80:61:1e,cc:4e:24:dd:77:fa,54
1738653981.4730594,cc:4e:24:dd:77:fa,6c:f6:da:80:61:1e,54
1738653981.473428,cc:4e:24:dd:77:fa,6c:f6:da:80:61:1e,54
1738653981.4737756,cc:4e:24:dd:77:fa,6c:f6:da:80:61:1e,54
1738653981.4754355,cc:4e:24:dd:77:fa,6c:f6:da:80:61:1e,54
1738653981.4758132,cc:4e:24:dd:77:fa,6c:f6:da:80:61:1e,54
1738653981.5633168,6c:f6:da:80:61:1e,cc:4e:24:dd:77:fa,55
1738653981.5903287,6c:f6:da:80:61:1e,cc:4e:24:dd:77:fa,106
1738653981.600098,6c:f6:da:80:61:1e,cc:4e:24:dd:77:fa,108
1738653981.6373675,cc:4e:24:dd:77:fa,6c:f6:da:80:61:1e,54
1738653981.6435452,cc:4e:24:dd:77:fa,6c:f6:da:80:61:1e,54
1738653981.6945963,6c:f6:da:80:61:1e,cc:4e:24:dd:77:fa,106
1738653981.7157524,cc:4e:24:dd:77:fa,6c:f6:da:80:61:1e,102
1738653981.7193193,cc:4e:24:dd:77:fa,6c:f6:da:80:61:1e,497
1738653981.7197323,6c:f6:da:80:61:1e,cc:4e:24:dd:77:fa,54
1738653981.7277653,cc:4e:24:dd:77:fa,6c:f6:da:80:61:1e,102
1738653981.7443874,cc:4e:24:dd:77:fa,6c:f6:da:80:61:1e,164
1738653981.744761,cc:4e:24:dd:77:fa,6c:f6:da:80:61:1e,54
1738653981.745108,6c:f6:da:80:61:1e,cc:4e:24:dd:77:fa,54
1738653981.7468357,cc:4e:24:dd:77:fa,6c:f6:da:80:61:1e,303
1738653981.7822187,6c:f6:da:80:61:1e,cc:4e:24:dd:77:fa,54
1738653981.7826083,6c:f6:da:80:61:1e,cc:4e:24:dd:77:fa,54
1738653981.7829254,6c:f6:da:80:61:1e,cc:4e:24:dd:77:fa,54
1738653981.783224,6c:f6:da:80:61:1e,cc:4e:24:dd:77:fa,54
1738653981.7835288,6c:f6:da:80:61:1e,cc:4e:24:dd:77:fa,54
1738653981.7838333,6c:f6:da:80:61:1e,cc:4e:24:dd:77:fa,54
1738653981.7841456,6c:f6:da:80:61:1e,cc:4e:24:dd:77:fa,54
1738653981.7844465,6c:f6:da:80:61:1e,cc:4e:24:dd:77:fa,54
1738653981.7847373,6c:f6:da:80:61:1e,cc:4e:24:dd:77:fa,54
1738653981.797859,6c:f6:da:80:61:1e,cc:4e:24:dd:77:fa,54
1738653981.8014748,6c:f6:da:80:61:1e,cc:4e:24:dd:77:fa,108
1738653981.8953912,cc:4e:24:dd:77:fa,6c:f6:da:80:61:1e,54
1738653982.1766431,6c:f6:da:80:61:1e,cc:4e:24:dd:77:fa,108
1738653982.2228618,cc:4e:24:dd:77:fa,6c:f6:da:80:61:1e,54
1738653982.2957056,6c:f6:da:80:61:1e,cc:4e:24:dd:77:fa,106
1738653982.3018694,6c:f6:da:80:61:1e,cc:4e:24:dd:77:fa,180
1738653982.3049397,6c:f6:da:80:61:1e,cc:4e:24:dd:77:fa,182
1738653982.3054388,6c:f6:da:80:61:1e,cc:4e:24:dd:77:fa,106
1738653982.3394089,cc:4e:24:dd:77:fa,6c:f6:da:80:61:1e,54
1738653982.345892,cc:4e:24:dd:77:fa,6c:f6:da:80:61:1e,54
1738653982.3495173,cc:4e:24:dd:77:fa,6c:f6:da:80:61:1e,54
1738653982.3498816,cc:4e:24:dd:77:fa,6c:f6:da:80:61:1e,54
1738653982.5852582,6c:f6:da:80:61:1e,cc:4e:24:dd:77:fa,106
1738653982.5882182,6c:f6:da:80:61:1e,cc:4e:24:dd:77:fa,106
1738653982.58874,cc:4e:24:dd:77:fa,6c:f6:da:80:61:1e,184
1738653982.5900564,cc:4e:24:dd:77:fa,6c:f6:da:80:61:1e,190
1738653982.5904753,6c:f6:da:80:61:1e,cc:4e:24:dd:77:fa,54
1738653982.633373,cc:4e:24:dd:77:fa,6c:f6:da:80:61:1e,54
1738653982.6337519,cc:4e:24:dd:77:fa,6c:f6:da:80:61:1e,54
1738653982.717635,6c:f6:da:80:61:1e,cc:4e:24:dd:77:fa,107
1738653982.7757099,cc:4e:24:dd:77:fa,6c:f6:da:80:61:1e,54
1738653982.8211646,6c:f6:da:80:61:1e,cc:4e:24:dd:77:fa,107
1738653982.8571467,6c:f6:da:80:61:1e,cc:4e:24:dd:77:fa,127
1738653982.8643653,6c:f6:da:80:61:1e,cc:4e:24:dd:77:fa,95
1738653982.8782551,cc:4e:24:dd:77:fa,6c:f6:da:80:61:1e,54
1738653982.9149044,cc:4e:24:dd:77:fa,6c:f6:da:80:61:1e,54
1738653982.9222777,cc:4e:24:dd:77:fa,6c:f6:da:80:61:1e,54
1738653982.9842577,6c:f6:da:80:61:1e,cc:4e:24:dd:77:fa,54
1738653982.9846199,6c:f6:da:80:61:1e,cc:4e:24:dd:77:fa,54
1738653982.9849203,6c:f6:da:80:61:1e,cc:4e:24:dd:77:fa,54
1738653982.9852107,6c:f6:da:80:61:1e,cc:4e:24:dd:77:fa,54
1738653982.9855275,6c:f6:da:80:61:1e,cc:4e:24:dd:77:fa,54
1738653982.9858255,6c:f6:da:80:61:1e,cc:4e:24:dd:77:fa,54
1738653982.9861197,6c:f6:da:80:61:1e,cc:4e:24:dd:77:fa,54
1738653982.9864142,6c:f6:da:80:61:1e,cc:4e:24:dd:77:fa,54
1738653982.9910772,6c:f6:da:80:61:1e,cc:4e:24:dd:77:fa,54
1738653983.1510055,cc:4e:24:dd:77:fa,6c:f6:da:80:61:1e,101
1738653983.2044752,6c:f6:da:80:61:1e,cc:4e:24:dd:77:fa,54
1738653983.318431,6c:f6:da:80:61:1e,cc:4e:24:dd:77:fa,100
1738653983.3634462,cc:4e:24:dd:77:fa,6c:f6:da:80:61:1e,54
1738653983.4857106,6c:f6:da:80:61:1e,cc:4e:24:dd:77:fa,274
1738653983.4861887,6c:f6:da:80:61:1e,cc:4e:24:dd:77:fa,93
1738653983.5062838,cc:4e:24:dd:77:fa,6c:f6:da:80:61:1e,54
1738653983.5087078,cc:4e:24:dd:77:fa,6c:f6:da:80:61:1e,54
1738653983.5092106,cc:4e:24:dd:77:fa,6c:f6:da:80:61:1e,93
1738653983.5157115,cc:4e:24:dd:77:fa,6c:f6:da:80:61:1e,147
1738653983.5163422,cc:4e:24:dd:77:fa,6c:f6:da:80:61:1e,1154
1738653983.5167446,cc:4e:24:dd:77:fa,6c:f6:da:80:61:1e,85
1738653983.5170963,6c:f6:da:80:61:1e,cc:4e:24:dd:77:fa,54
1738653983.5174093,6c:f6:da:80:61:1e,cc:4e:24:dd:77:fa,54
1738653983.5178125,6c:f6:da:80:61:1e,cc:4e:24:dd:77:fa,89
1738653983.5774896,cc:4e:24:dd:77:fa,6c:f6:da:80:61:1e,54
1738653983.6040804,cc:4e:24:dd:77:fa,6c:f6:da:80:61:1e,153
1738653983.6046867,cc:4e:24:dd:77:fa,6c:f6:da:80:61:1e,1446
1738653983.605125,cc:4e:24:dd:77:fa,6c:f6:da:80:61:1e,162
1738653983.6056478,cc:4e:24:dd:77:fa,6c:f6:da:80:61:1e,1446
1738653983.606005,6c:f6:da:80:61:1e,cc:4e:24:dd:77:fa,66
1738653983.6063123,6c:f6:da:80:61:1e,cc:4e:24:dd:77:fa,54
1738653983.6066124,6c:f6:da:80:61:1e,cc:4e:24:dd:77:fa,66
1738653983.6068976,6c:f6:da:80:61:1e,cc:4e:24:dd:77:fa,54
1738653983.6114428,cc:4e:24:dd:77:fa,6c:f6:da:80:61:1e,590
1738653983.6369445,6c:f6:da:80:61:1e,cc:4e:24:dd:77:fa,66
1738653983.6560838,6c:f6:da:80:61:1e,cc:4e:24:dd:77:fa,54
1738653983.672044,6c:f6:da:80:61:1e,cc:4e:24:dd:77:fa,66
1738653983.6727638,6c:f6:da:80:61:1e,cc:4e:24:dd:77:fa,66
1738653983.6734917,6c:f6:da:80:61:1e,cc:4e:24:dd:77:fa,66
1738653983.6741917,6c:f6:da:80:61:1e,cc:4e:24:dd:77:fa,66
1738653983.674818,6c:f6:da:80:61:1e,cc:4e:24:dd:77:fa,66
1738653983.6754618,6c:f6:da:80:61:1e,cc:4e:24:dd:77:fa,66
1738653983.6761003,6c:f6:da:80:61:1e,cc:4e:24:dd:77:fa,66
1738653983.676794,6c:f6:da:80:61:1e,cc:4e:24:dd:77:fa,66
1738653983.677416,6c:f6:da:80:61:1e,cc:4e:24:dd:77:fa,66
1738653983.6780574,6c:f6:da:80:61:1e,cc:4e:24:dd:77:fa,66
1738653983.6824756,cc:4e:24:dd:77:fa,6c:f6:da:80:61:1e,66
1738653983.6827981,6c:f6:da:80:61:1e,cc:4e:24:dd:77:fa,54
1738653983.7037964,cc:4e:24:dd:77:fa,6c:f6:da:80:61:1e,66
1738653983.7042089,6c:f6:da:80:61:1e,cc:4e:24:dd:77:fa,54
1738653983.7045352,cc:4e:24:dd:77:fa,6c:f6:da:80:61:1e,66
1738653983.7048457,6c:f6:da:80:61:1e,cc:4e:24:dd:77:fa,54
1738653983.7064745,cc:4e:24:dd:77:fa,6c:f6:da:80:61:1e,66
1738653983.7068772,6c:f6:da:80:61:1e,cc:4e:24:dd:77:fa,54
1738653983.7083206,cc:4e:24:dd:77:fa,6c:f6:da:80:61:1e,66
1738653983.708722,6c:f6:da:80:61:1e,cc:4e:24:dd:77:fa,54
1738653983.7090902,cc:4e:24:dd:77:fa,6c:f6:da:80:61:1e,66
1738653983.7094145,cc:4e:24:dd:77:fa,6c:f6:da:80:61:1e,66
1738653983.70975,cc:4e:24:dd:77:fa,6c:f6:da:80:61:1e,66
1738653983.710048,6c:f6:da:80:61:1e,cc:4e:24:dd:77:fa,54
1738653983.7103505,6c:f6:da:80:61:1e,cc:4e:24:dd:77:fa,54
1738653983.7106466,6c:f6:da:80:61:1e,cc:4e:24:dd:77:fa,54
1738653983.710975,cc:4e:24:dd:77:fa,6c:f6:da:80:61:1e,66
1738653983.7112806,cc:4e:24:dd:77:fa,6c:f6:da:80:61:1e,66
1738653983.7115932,6c:f6:da:80:61:1e,cc:4e:24:dd:77:fa,54
1738653983.7119057,6c:f6:da:80:61:1e,cc:4e:24:dd:77:fa,54
1738653983.7280376,6c:f6:da:80:61:1e,cc:4e:24:dd:77:fa,66
1738653983.7320106,6c:f6:da:80:61:1e,cc:4e:24:dd:77:fa,725
1738653983.7324805,cc:4e:24:dd:77:fa,6c:f6:da:80:61:1e,66
1738653983.7329981,cc:4e:24:dd:77:fa,6c:f6:da:80:61:1e,171
1738653983.7333653,6c:f6:da:80:61:1e,cc:4e:24:dd:77:fa,54
1738653983.7353928,6c:f6:da:80:61:1e,cc:4e:24:dd:77:fa,727
1738653983.736445,cc:4e:24:dd:77:fa,6c:f6:da:80:61:1e,54
1738653983.7382545,cc:4e:24:dd:77:fa,6c:f6:da:80:61:1e,54
1738653983.738974,6c:f6:da:80:61:1e,cc:4e:24:dd:77:fa,725
1738653983.742515,6c:f6:da:80:61:1e,cc:4e:24:dd:77:fa,725
1738653983.7437823,cc:4e:24:dd:77:fa,6c:f6:da:80:61:1e,54
1738653983.7477603,cc:4e:24:dd:77:fa,6c:f6:da:80:61:1e,54
1738653983.749551,6c:f6:da:80:61:1e,cc:4e:24:dd:77:fa,712
1738653983.7549012,6c:f6:da:80:61:1e,cc:4e:24:dd:77:fa,727
1738653983.758081,cc:4e:24:dd:77:fa,6c:f6:da:80:61:1e,54
1738653983.7629914,cc:4e:24:dd:77:fa,6c:f6:da:80:61:1e,54
1738653983.764961,cc:4e:24:dd:77:fa,6c:f6:da:80:61:1e,266
1738653983.7654233,cc:4e:24:dd:77:fa,6c:f6:da:80:61:1e,266
1738653983.765833,cc:4e:24:dd:77:fa,6c:f6:da:80:61:1e,66
1738653983.766166,6c:f6:da:80:61:1e,cc:4e:24:dd:77:fa,54
1738653983.7664766,6c:f6:da:80:61:1e,cc:4e:24:dd:77:fa,54
1738653983.7667804,6c:f6:da:80:61:1e,cc:4e:24:dd:77:fa,54
1738653983.7691455,6c:f6:da:80:61:1e,cc:4e:24:dd:77:fa,209
1738653983.7696133,6c:f6:da:80:61:1e,cc:4e:24:dd:77:fa,93
1738653983.770128,cc:4e:24:dd:77:fa,6c:f6:da:80:61:1e,266
1738653983.77046,6c:f6:da:80:61:1e,cc:4e:24:dd:77:fa,54
1738653983.7709115,6c:f6:da:80:61:1e,cc:4e:24:dd:77:fa,699
1738653983.7729397,cc:4e:24:dd:77:fa,6c:f6:da:80:61:1e,266
1738653983.7732892,6c:f6:da:80:61:1e,cc:4e:24:dd:77:fa,54
1738653983.7738562,cc:4e:24:dd:77:fa,6c:f6:da:80:61:1e,54
1738653983.7813404,6c:f6:da:80:61:1e,cc:4e:24:dd:77:fa,54
1738653983.7819185,6c:f6:da:80:61:1e,cc:4e:24:dd:77:fa,725
1738653983.7827306,6c:f6:da:80:61:1e,cc:4e:24:dd:77:fa,727
1738653983.7840261,cc:4e:24:dd:77:fa,6c:f6:da:80:61:1e,266
1738653983.784398,6c:f6:da:80:61:1e,cc:4e:24:dd:77:fa,54
1738653983.7869365,6c:f6:da:80:61:1e,cc:4e:24:dd:77:fa,727
1738653983.7874942,6c:f6:da:80:61:1e,cc:4e:24:dd:77:fa,118
1738653983.7878253,cc:4e:24:dd:77:fa,6c:f6:da:80:61:1e,54
1738653983.7892027,cc:4e:24:dd:77:fa,6c:f6:da:80:61:1e,54
1738653983.7911365,cc:4e:24:dd:77:fa,6c:f6:da:80:61:1e,54
1738653983.7916124,6c:f6:da:80:61:1e,cc:4e:24:dd:77:fa,134
1738653983.7919524,cc:4e:24:dd:77:fa,6c:f6:da:80:61:1e,54
1738653983.794683,cc:4e:24:dd:77:fa,6c:f6:da:80:61:1e,93
1738653983.7950435,cc:4e:24:dd:77:fa,6c:f6:da:80:61:1e,54
1738653983.796027,6c:f6:da:80:61:1e,cc:4e:24:dd:77:fa,118
1738653983.7986,6c:f6:da:80:61:1e,cc:4e:24:dd:77:fa,118
1738653983.8026912,6c:f6:da:80:61:1e,cc:4e:24:dd:77:fa,712
1738653983.8033497,6c:f6:da:80:61:1e,cc:4e:24:dd:77:fa,725
1738653983.8038433,6c:f6:da:80:61:1e,cc:4e:24:dd:77:fa,134
1738653983.804249,6c:f6:da:80:61:1e,cc:4e:24:dd:77:fa,134
1738653983.8046358,6c:f6:da:80:61:1e,cc:4e:24:dd:77:fa,187
1738653983.807022,cc:4e:24:dd:77:fa,6c:f6:da:80:61:1e,54
1738653983.8074138,cc:4e:24:dd:77:fa,6c:f6:da:80:61:1e,54
1738653983.8078804,6c:f6:da:80:61:1e,cc:4e:24:dd:77:fa,187
1738653983.8085382,6c:f6:da:80:61:1e,cc:4e:24:dd:77:fa,187
1738653983.8090825,cc:4e:24:dd:77:fa,6c:f6:da:80:61:1e,266
1738653983.8094277,6c:f6:da:80:61:1e,cc:4e:24:dd:77:fa,54
1738653983.810307,6c:f6:da:80:61:1e,cc:4e:24:dd:77:fa,118
1738653983.813715,6c:f6:da:80:61:1e,cc:4e:24:dd:77:fa,134
1738653983.8141718,cc:4e:24:dd:77:fa,6c:f6:da:80:61:1e,266
1738653983.8145065,6c:f6:da:80:61:1e,cc:4e:24:dd:77:fa,54
1738653983.815854,6c:f6:da:80:61:1e,cc:4e:24:dd:77:fa,187
1738653983.816315,cc:4e:24:dd:77:fa,6c:f6:da:80:61:1e,159
1738653983.8168778,cc:4e:24:dd:77:fa,6c:f6:da:80:61:1e,1514
1738653983.8173454,cc:4e:24:dd:77:fa,6c:f6:da:80:61:1e,800
1738653983.8179343,cc:4e:24:dd:77:fa,6c:f6:da:80:61:1e,1514
1738653983.8184192,6c:f6:da:80:61:1e,cc:4e:24:dd:77:fa,54
1738653983.8187368,6c:f6:da:80:61:1e,cc:4e:24:dd:77:fa,66
1738653983.8190696,6c:f6:da:80:61:1e,cc:4e:24:dd:77:fa,54
1738653983.8195894,cc:4e:24:dd:77:fa,6c:f6:da:80:61:1e,1514
1738653983.8201303,cc:4e:24:dd:77:fa,6c:f6:da:80:61:1e,1514
1738653983.8208764,cc:4e:24:dd:77:fa,6c:f6:da:80:61:1e,1514
1738653983.821436,cc:4e:24:dd:77:fa,6c:f6:da:80:61:1e,1514
1738653983.8219678,cc:4e:24:dd:77:fa,6c:f6:da:80:61:1e,1514
1738653983.8224468,cc:4e:24:dd:77:fa,6c:f6:da:80:61:1e,1514
1738653983.8229256,cc:4e:24:dd:77:fa,6c:f6:da:80:61:1e,1514
1738653983.8234076,cc:4e:24:dd:77:fa,6c:f6:da:80:61:1e,1514
1738653983.8238971,cc:4e:24:dd:77:fa,6c:f6:da:80:61:1e,1514
1738653983.824498,cc:4e:24:dd:77:fa,6c:f6:da:80:61:1e,1514
1738653983.824904,6c:f6:da:80:61:1e,cc:4e:24:dd:77:fa,118
1738653983.8252141,6c:f6:da:80:61:1e,cc:4e:24:dd:77:fa,54
1738653983.8256118,cc:4e:24:dd:77:fa,6c:f6:da:80:61:1e,237
1738653983.8260138,cc:4e:24:dd:77:fa,6c:f6:da:80:61:1e,128
1738653983.826409,cc:4e:24:dd:77:fa,6c:f6:da:80:61:1e,400
1738653983.8269038,cc:4e:24:dd:77:fa,6c:f6:da:80:61:1e,1514
1738653983.8272142,6c:f6:da:80:61:1e,cc:4e:24:dd:77:fa,54
1738653983.8275228,6c:f6:da:80:61:1e,cc:4e:24:dd:77:fa,66
1738653983.827837,6c:f6:da:80:61:1e,cc:4e:24:dd:77:fa,54
1738653983.8281512,6c:f6:da:80:61:1e,cc:4e:24:dd:77:fa,54
1738653983.828612,cc:4e:24:dd:77:fa,6c:f6:da:80:61:1e,1514
1738653983.8290727,cc:4e:24:dd:77:fa,6c:f6:da:80:61:1e,1514
1738653983.8295574,cc:4e:24:dd:77:fa,6c:f6:da:80:61:1e,1514
1738653983.8303006,cc:4e:24:dd:77:fa,6c:f6:da:80:61:1e,1514
1738653983.8309386,cc:4e:24:dd:77:fa,6c:f6:da:80:61:1e,1514
1738653983.831486,cc:4e:24:dd:77:fa,6c:f6:da:80:61:1e,1514
1738653983.8319905,cc:4e:24:dd:77:fa,6c:f6:da:80:61:1e,1514
1738653983.8324654,cc:4e:24:dd:77:fa,6c:f6:da:80:61:1e,1514
1738653983.8329227,cc:4e:24:dd:77:fa,6c:f6:da:80:61:1e,1514
1738653983.833386,cc:4e:24:dd:77:fa,6c:f6:da:80:61:1e,1514
1738653983.8337107,6c:f6:da:80:61:1e,cc:4e:24:dd:77:fa,54
1738653983.835142,cc:4e:24:dd:77:fa,6c:f6:da:80:61:1e,1514
1738653983.8356164,cc:4e:24:dd:77:fa,6c:f6:da:80:61:1e,1514
1738653983.836093,cc:4e:24:dd:77:fa,6c:f6:da:80:61:1e,1514
1738653983.836548,cc:4e:24:dd:77:fa,6c:f6:da:80:61:1e,1514
1738653983.837025,cc:4e:24:dd:77:fa,6c:f6:da:80:61:1e,1514
1738653983.837505,cc:4e:24:dd:77:fa,6c:f6:da:80:61:1e,1514
1738653983.8379729,cc:4e:24:dd:77:fa,6c:f6:da:80:61:1e,1514
1738653983.8384402,cc:4e:24:dd:77:fa,6c:f6:da:80:61:1e,1514
1738653983.838889,cc:4e:24:dd:77:fa,6c:f6:da:80:61:1e,1514
1738653983.839349,cc:4e:24:dd:77:fa,6c:f6:da:80:61:1e,1514
1738653983.8396738,6c:f6:da:80:61:1e,cc:4e:24:dd:77:fa,54
1738653983.8400395,6c:f6:da:80:61:1e,cc:4e:24:dd:77:fa,89
1738653983.8404999,cc:4e:24:dd:77:fa,6c:f6:da:80:61:1e,1514
1738653983.8409667,cc:4e:24:dd:77:fa,6c:f6:da:80:61:1e,1514
1738653983.841413,cc:4e:24:dd:77:fa,6c:f6:da:80:61:1e,1514
1738653983.8418767,cc:4e:24:dd:77:fa,6c:f6:da:80:61:1e,1514
1738653983.8423555,cc:4e:24:dd:77:fa,6c:f6:da:80:61:1e,1514
1738653983.8428082,cc:4e:24:dd:77:fa,6c:f6:da:80:61:1e,1514
1738653983.8432765,cc:4e:24:dd:77:fa,6c:f6:da:80:61:1e,1514
1738653983.8437421,cc:4e:24:dd:77:fa,6c:f6:da:80:61:1e,1514
1738653983.8441954,cc:4e:24:dd:77:fa,6c:f6:da:80:61:1e,1514
1738653983.8446603,cc:4e:24:dd:77:fa,6c:f6:da:80:61:1e,1514
1738653983.8450596,cc:4e:24:dd:77:fa,6c:f6:da:80:61:1e,266
1738653983.845432,cc:4e:24:dd:77:fa,6c:f6:da:80:61:1e,266
1738653983.8457477,6c:f6:da:80:61:1e,cc:4e:24:dd:77:fa,54
1738653983.8460395,6c:f6:da:80:61:1e,cc:4e:24:dd:77:fa,54
1738653983.8463273,6c:f6:da:80:61:1e,cc:4e:24:dd:77:fa,54
1738653983.8466926,cc:4e:24:dd:77:fa,6c:f6:da:80:61:1e,238
1738653983.8470812,cc:4e:24:dd:77:fa,6c:f6:da:80:61:1e,128
1738653983.8475382,cc:4e:24:dd:77:fa,6c:f6:da:80:61:1e,1514
1738653983.8480048,cc:4e:24:dd:77:fa,6c:f6:da:80:61:1e,1514
1738653983.8484786,cc:4e:24:dd:77:fa,6c:f6:da:80:61:1e,1514
1738653983.8495502,cc:4e:24:dd:77:fa,6c:f6:da:80:61:1e,1514
1738653983.850099,cc:4e:24:dd:77:fa,6c:f6:da:80:61:1e,1514
1738653983.8505971,cc:4e:24:dd:77:fa,6c:f6:da:80:61:1e,1514
1738653983.85108,cc:4e:24:dd:77:fa,6c:f6:da:80:61:1e,1514
1738653983.8515494,cc:4e:24:dd:77:fa,6c:f6:da:80:61:1e,1514
1738653983.8520486,cc:4e:24:dd:77:fa,6c:f6:da:80:61:1e,1514
1738653983.8525202,cc:4e:24:dd:77:fa,6c:f6:da:80:61:1e,1514
1738653983.8528888,cc:4e:24:dd:77:fa,6c:f6:da:80:61:1e,85
1738653983.8532095,6c:f6:da:80:61:1e,cc:4e:24:dd:77:fa,54
1738653983.8535094,6c:f6:da:80:61:1e,cc:4e:24:dd:77:fa,54
1738653983.8538148,6c:f6:da:80:61:1e,cc:4e:24:dd:77:fa,54
1738653983.854106,6c:f6:da:80:61:1e,cc:4e:24:dd:77:fa,54
1738653983.8545907,cc:4e:24:dd:77:fa,6c:f6:da:80:61:1e,1514
1738653983.8550642,cc:4e:24:dd:77:fa,6c:f6:da:80:61:1e,1514
1738653983.8555665,cc:4e:24:dd:77:fa,6c:f6:da:80:61:1e,1514
1738653983.856042,cc:4e:24:dd:77:fa,6c:f6:da:80:61:1e,1514
1738653983.856515,cc:4e:24:dd:77:fa,6c:f6:da:80:61:1e,1514
1738653983.8569942,cc:4e:24:dd:77:fa,6c:f6:da:80:61:1e,1514
1738653983.8574734,cc:4e:24:dd:77:fa,6c:f6:da:80:61:1e,1514
1738653983.857964,cc:4e:24:dd:77:fa,6c:f6:da:80:61:1e,1514
1738653983.8584301,cc:4e:24:dd:77:fa,6c:f6:da:80:61:1e,1514
1738653983.858896,cc:4e:24:dd:77:fa,6c:f6:da:80:61:1e,1514
1738653983.85921,6c:f6:da:80:61:1e,cc:4e:24:dd:77:fa,54
1738653983.8596828,cc:4e:24:dd:77:fa,6c:f6:da:80:61:1e,1514
1738653983.8599849,6c:f6:da:80:61:1e,cc:4e:24:dd:77:fa,54
1738653983.8604631,cc:4e:24:dd:77:fa,6c:f6:da:80:61:1e,1514
1738653983.8638196,cc:4e:24:dd:77:fa,6c:f6:da:80:61:1e,1514
1738653983.8643706,cc:4e:24:dd:77:fa,6c:f6:da:80:61:1e,1514
1738653983.8649135,cc:4e:24:dd:77:fa,6c:f6:da:80:61:1e,1514
1738653983.8654313,cc:4e:24:dd:77:fa,6c:f6:da:80:61:1e,1514
1738653983.865969,cc:4e:24:dd:77:fa,6c:f6:da:80:61:1e,1514
1738653983.8664465,cc:4e:24:dd:77:fa,6c:f6:da:80:61:1e,1514
1738653983.866921,cc:4e:24:dd:77:fa,6c:f6:da:80:61:1e,1514
1738653983.867411,cc:4e:24:dd:77:fa,6c:f6:da:80:61:1e,1514
1738653983.8677423,6c:f6:da:80:61:1e,cc:4e:24:dd:77:fa,54
1738653983.8682165,cc:4e:24:dd:77:fa,6c:f6:da:80:61:1e,1514
1738653983.8687093,cc:4e:24:dd:77:fa,6c:f6:da:80:61:1e,1514
1738653983.8691802,cc:4e:24:dd:77:fa,6c:f6:da:80:61:1e,1514
1738653983.8696854,cc:4e:24:dd:77:fa,6c:f6:da:80:61:1e,1514
1738653983.8701499,cc:4e:24:dd:77:fa,6c:f6:da:80:61:1e,1514
1738653983.8706326,cc:4e:24:dd:77:fa,6c:f6:da:80:61:1e,1514
1738653983.871116,cc:4e:24:dd:77:fa,6c:f6:da:80:61:1e,1514
1738653983.8715734,cc:4e:24:dd:77:fa,6c:f6:da:80:61:1e,1514
1738653983.8720746,cc:4e:24:dd:77:fa,6c:f6:da:80:61:1e,1514
1738653983.8725398,cc:4e:24:dd:77:fa,6c:f6:da:80:61:1e,1514
1738653983.8729088,cc:4e:24:dd:77:fa,6c:f6:da:80:61:1e,85
1738653983.873224,6c:f6:da:80:61:1e,cc:4e:24:dd:77:fa,54
1738653983.873583,6c:f6:da:80:61:1e,cc:4e:24:dd:77:fa,54
1738653983.8740613,cc:4e:24:dd:77:fa,6c:f6:da:80:61:1e,1514
1738653983.874539,cc:4e:24:dd:77:fa,6c:f6:da:80:61:1e,1514
1738653983.8750305,cc:4e:24:dd:77:fa,6c:f6:da:80:61:1e,1514
1738653983.875479,cc:4e:24:dd:77:fa,6c:f6:da:80:61:1e,1514
1738653983.8759637,cc:4e:24:dd:77:fa,6c:f6:da:80:61:1e,1514
1738653983.8764355,cc:4e:24:dd:77:fa,6c:f6:da:80:61:1e,1514
1738653983.8768873,cc:4e:24:dd:77:fa,6c:f6:da:80:61:1e,1514
1738653983.8773582,cc:4e:24:dd:77:fa,6c:f6:da:80:61:1e,1514
1738653983.8778245,cc:4e:24:dd:77:fa,6c:f6:da:80:61:1e,1514
1738653983.8783062,cc:4e:24:dd:77:fa,6c:f6:da:80:61:1e,1514
1738653983.878597,6c:f6:da:80:61:1e,cc:4e:24:dd:77:fa,54
1738653983.879046,cc:4e:24:dd:77:fa,6c:f6:da:80:61:1e,1514
1738653983.87952,cc:4e:24:dd:77:fa,6c:f6:da:80:61:1e,1514
1738653983.8799863,cc:4e:24:dd:77:fa,6c:f6:da:80:61:1e,1514
1738653983.8804402,cc:4e:24:dd:77:fa,6c:f6:da:80:61:1e,1514
1738653983.88097,cc:4e:24:dd:77:fa,6c:f6:da:80:61:1e,1514
1738653983.8814423,cc:4e:24:dd:77:fa,6c:f6:da:80:61:1e,1514
1738653983.8819375,cc:4e:24:dd:77:fa,6c:f6:da:80:61:1e,1514
1738653983.8823957,cc:4e:24:dd:77:fa,6c:f6:da:80:61:1e,1514
1738653983.8828526,cc:4e:24:dd:77:fa,6c:f6:da:80:61:1e,1514
1738653983.8831563,6c:f6:da:80:61:1e,cc:4e:24:dd:77:fa,54
1738653983.8836608,cc:4e:24:dd:77:fa,6c:f6:da:80:61:1e,1514
1738653983.884133,cc:4e:24:dd:77:fa,6c:f6:da:80:61:1e,1514
1738653983.8846104,cc:4e:24:dd:77:fa,6c:f6:da:80:61:1e,1514
1738653983.8850534,cc:4e:24:dd:77:fa,6c:f6:da:80:61:1e,1514
1738653983.8855076,cc:4e:24:dd:77:fa,6c:f6:da:80:61:1e,1514
1738653983.8858263,6c:f6:da:80:61:1e,cc:4e:24:dd:77:fa,54
1738653983.886276,cc:4e:24:dd:77:fa,6c:f6:da:80:61:1e,1514
1738653983.8867192,cc:4e:24:dd:77:fa,6c:f6:da:80:61:1e,1514
1738653983.8871796,cc:4e:24:dd:77:fa,6c:f6:da:80:61:1e,1514
1738653983.8876448,cc:4e:24:dd:77:fa,6c:f6:da:80:61:1e,1514
1738653983.888126,cc:4e:24:dd:77:fa,6c:f6:da:80:61:1e,1514
1738653983.888582,cc:4e:24:dd:77:fa,6c:f6:da:80:61:1e,1514
1738653983.8888726,6c:f6:da:80:61:1e,cc:4e:24:dd:77:fa,54
1738653983.88922,cc:4e:24:dd:77:fa,6c:f6:da:80:61:1e,89
1738653983.8895984,cc:4e:24:dd:77:fa,6c:f6:da:80:61:1e,159
1738653983.889966,cc:4e:24:dd:77:fa,6c:f6:da:80:61:1e,85
1738653983.8910074,cc:4e:24:dd:77:fa,6c:f6:da:80:61:1e,1514
1738653983.8915663,cc:4e:24:dd:77:fa,6c:f6:da:80:61:1e,1514
1738653983.8920856,cc:4e:24:dd:77:fa,6c:f6:da:80:61:1e,1514
1738653983.8925672,cc:4e:24:dd:77:fa,6c:f6:da:80:61:1e,1514
1738653983.8930492,cc:4e:24:dd:77:fa,6c:f6:da:80:61:1e,1514
1738653983.8935204,cc:4e:24:dd:77:fa,6c:f6:da:80:61:1e,1514
1738653983.894014,cc:4e:24:dd:77:fa,6c:f6:da:80:61:1e,1514
1738653983.8945084,cc:4e:24:dd:77:fa,6c:f6:da:80:61:1e,1514
1738653983.8949697,cc:4e:24:dd:77:fa,6c:f6:da:80:61:1e,1514
1738653983.8954482,cc:4e:24:dd:77:fa,6c:f6:da:80:61:1e,1514
1738653983.8958333,cc:4e:24:dd:77:fa,6c:f6:da:80:61:1e,89
1738653983.8962228,cc:4e:24:dd:77:fa,6c:f6:da:80:61:1e,159
1738653983.8966074,cc:4e:24:dd:77:fa,6c:f6:da:80:61:1e,85
1738653983.8970804,cc:4e:24:dd:77:fa,6c:f6:da:80:61:1e,1514
1738653983.897544,cc:4e:24:dd:77:fa,6c:f6:da:80:61:1e,1514
1738653983.8980339,cc:4e:24:dd:77:fa,6c:f6:da:80:61:1e,1514
1738653983.8984985,cc:4e:24:dd:77:fa,6c:f6:da:80:61:1e,1514
1738653983.8989599,cc:4e:24:dd:77:fa,6c:f6:da:80:61:1e,1514
1738653983.8994386,cc:4e:24:dd:77:fa,6c:f6:da:80:61:1e,1514
1738653983.8999093,cc:4e:24:dd:77:fa,6c:f6:da:80:61:1e,1514
1738653983.9003832,cc:4e:24:dd:77:fa,6c:f6:da:80:61:1e,1514
1738653983.9008524,cc:4e:24:dd:77:fa,6c:f6:da:80:61:1e,1514
1738653983.9013104,cc:4e:24:dd:77:fa,6c:f6:da:80:61:1e,1514
1738653983.9016325,6c:f6:da:80:61:1e,cc:4e:24:dd:77:fa,54
1738653983.9019449,6c:f6:da:80:61:1e,cc:4e:24:dd:77:fa,54
1738653983.9022377,6c:f6:da:80:61:1e,cc:4e:24:dd:77:fa,54
1738653983.9025295,6c:f6:da:80:61:1e,cc:4e:24:dd:77:fa,54
1738653983.9028347,cc:4e:24:dd:77:fa,6c:f6:da:80:61:1e,54
1738653983.9032166,cc:4e:24:dd:77:fa,6c:f6:da:80:61:1e,237
1738653983.9036124,cc:4e:24:dd:77:fa,6c:f6:da:80:61:1e,128
1738653983.9040077,cc:4e:24:dd:77:fa,6c:f6:da:80:61:1e,85
1738653983.9043102,6c:f6:da:80:61:1e,cc:4e:24:dd:77:fa,54
1738653983.904605,6c:f6:da:80:61:1e,cc:4e:24:dd:77:fa,54
1738653983.9048994,6c:f6:da:80:61:1e,cc:4e:24:dd:77:fa,54
1738653983.9052355,6c:f6:da:80:61:1e,cc:4e:24:dd:77:fa,54
1738653983.9056425,6c:f6:da:80:61:1e,cc:4e:24:dd:77:fa,54
1738653983.9060624,6c:f6:da:80:61:1e,cc:4e:24:dd:77:fa,54
1738653983.9063709,6c:f6:da:80:61:1e,cc:4e:24:dd:77:fa,54
1738653983.9068818,cc:4e:24:dd:77:fa,6c:f6:da:80:61:1e,1514
1738653983.9073641,cc:4e:24:dd:77:fa,6c:f6:da:80:61:1e,1514
1738653983.907854,cc:4e:24:dd:77:fa,6c:f6:da:80:61:1e,1514
1738653983.9113426,cc:4e:24:dd:77:fa,6c:f6:da:80:61:1e,1514
1738653983.9119112,cc:4e:24:dd:77:fa,6c:f6:da:80:61:1e,1514
1738653983.9124427,cc:4e:24:dd:77:fa,6c:f6:da:80:61:1e,1514
1738653983.913024,cc:4e:24:dd:77:fa,6c:f6:da:80:61:1e,1514
1738653983.9135199,cc:4e:24:dd:77:fa,6c:f6:da:80:61:1e,1514
1738653983.914023,cc:4e:24:dd:77:fa,6c:f6:da:80:61:1e,1514
1738653983.914495,cc:4e:24:dd:77:fa,6c:f6:da:80:61:1e,1514
1738653983.91489,cc:4e:24:dd:77:fa,6c:f6:da:80:61:1e,266
1738653983.9151967,6c:f6:da:80:61:1e,cc:4e:24:dd:77:fa,54
1738653983.9154897,6c:f6:da:80:61:1e,cc:4e:24:dd:77:fa,54
1738653983.9159648,cc:4e:24:dd:77:fa,6c:f6:da:80:61:1e,1514
1738653983.9164462,cc:4e:24:dd:77:fa,6c:f6:da:80:61:1e,1514
1738653983.9168975,cc:4e:24:dd:77:fa,6c:f6:da:80:61:1e,1514
1738653983.9174955,cc:4e:24:dd:77:fa,6c:f6:da:80:61:1e,1514
1738653983.9180443,cc:4e:24:dd:77:fa,6c:f6:da:80:61:1e,1514
1738653983.9184937,cc:4e:24:dd:77:fa,6c:f6:da:80:61:1e,1514
1738653983.9189713,cc:4e:24:dd:77:fa,6c:f6:da:80:61:1e,1514
1738653983.9194367,cc:4e:24:dd:77:fa,6c:f6:da:80:61:1e,1514
1738653983.9198964,cc:4e:24:dd:77:fa,6c:f6:da:80:61:1e,1514
1738653983.9203684,cc:4e:24:dd:77:fa,6c:f6:da:80:61:1e,1514
1738653983.9206643,6c:f6:da:80:61:1e,cc:4e:24:dd:77:fa,54
1738653983.9214075,cc:4e:24:dd:77:fa,6c:f6:da:80:61:1e,1514
1738653983.921924,cc:4e:24:dd:77:fa,6c:f6:da:80:61:1e,1514
1738653983.9223845,cc:4e:24:dd:77:fa,6c:f6:da:80:61:1e,1514
1738653983.9228616,cc:4e:24:dd:77:fa,6c:f6:da:80:61:1e,1514
1738653983.9233127,cc:4e:24:dd:77:fa,6c:f6:da:80:61:1e,1514
1738653983.9237711,cc:4e:24:dd:77:fa,6c:f6:da:80:61:1e,1514
1738653983.9243758,cc:4e:24:dd:77:fa,6c:f6:da:80:61:1e,1514
1738653983.9248297,cc:4e:24:dd:77:fa,6c:f6:da:80:61:1e,1514
1738653983.9253414,cc:4e:24:dd:77:fa,6c:f6:da:80:61:1e,1514
1738653983.9258103,cc:4e:24:dd:77:fa,6c:f6:da:80:61:1e,1514
1738653983.926125,6c:f6:da:80:61:1e,cc:4e:24:dd:77:fa,54
1738653983.9266052,cc:4e:24:dd:77:fa,6c:f6:da:80:61:1e,1514
1738653983.92706,cc:4e:24:dd:77:fa,6c:f6:da:80:61:1e,1514
1738653983.9275038,cc:4e:24:dd:77:fa,6c:f6:da:80:61:1e,1195
1738653983.9282951,cc:4e:24:dd:77:fa,6c:f6:da:80:61:1e,1514
1738653983.9287415,6c:f6:da:80:61:1e,cc:4e:24:dd:77:fa,54
1738653983.9290862,6c:f6:da:80:61:1e,cc:4e:24:dd:77:fa,66
1738653983.9294615,cc:4e:24:dd:77:fa,6c:f6:da:80:61:1e,89
1738653983.9297876,6c:f6:da:80:61:1e,cc:4e:24:dd:77:fa,54
1738653983.9300802,6c:f6:da:80:61:1e,cc:4e:24:dd:77:fa,54
1738653983.9304485,cc:4e:24:dd:77:fa,6c:f6:da:80:61:1e,159
1738653983.9308085,cc:4e:24:dd:77:fa,6c:f6:da:80:61:1e,85
1738653983.931097,6c:f6:da:80:61:1e,cc:4e:24:dd:77:fa,54
1738653983.931386,6c:f6:da:80:61:1e,cc:4e:24:dd:77:fa,54
1738653983.9317656,cc:4e:24:dd:77:fa,6c:f6:da:80:61:1e,266
1738653983.932729,6c:f6:da:80:61:1e,cc:4e:24:dd:77:fa,54
1738653983.9331622,cc:4e:24:dd:77:fa,6c:f6:da:80:61:1e,266
1738653983.9334836,6c:f6:da:80:61:1e,cc:4e:24:dd:77:fa,54
1738653983.9344606,cc:4e:24:dd:77:fa,6c:f6:da:80:61:1e,238
1738653983.9351342,cc:4e:24:dd:77:fa,6c:f6:da:80:61:1e,128
1738653983.9356275,cc:4e:24:dd:77:fa,6c:f6:da:80:61:1e,85
1738653983.935971,6c:f6:da:80:61:1e,cc:4e:24:dd:77:fa,54
1738653983.9362884,6c:f6:da:80:61:1e,cc:4e:24:dd:77:fa,54
1738653983.9366126,6c:f6:da:80:61:1e,cc:4e:24:dd:77:fa,54
1738653983.9369912,cc:4e:24:dd:77:fa,6c:f6:da:80:61:1e,89
1738653983.937302,6c:f6:da:80:61:1e,cc:4e:24:dd:77:fa,54
1738653983.93769,cc:4e:24:dd:77:fa,6c:f6:da:80:61:1e,159
1738653983.9380774,cc:4e:24:dd:77:fa,6c:f6:da:80:61:1e,85
1738653983.9384024,6c:f6:da:80:61:1e,cc:4e:24:dd:77:fa,54
1738653983.9387202,6c:f6:da:80:61:1e,cc:4e:24:dd:77:fa,54
1738653983.9391558,cc:4e:24:dd:77:fa,6c:f6:da:80:61:1e,237
1738653983.939547,cc:4e:24:dd:77:fa,6c:f6:da:80:61:1e,128
1738653983.9398456,6c:f6:da:80:61:1e,cc:4e:24:dd:77:fa,54
1738653983.9401786,6c:f6:da:80:61:1e,cc:4e:24:dd:77:fa,54
1738653983.940487,cc:4e:24:dd:77:fa,6c:f6:da:80:61:1e,54
1738653983.940861,6c:f6:da:80:61:1e,cc:4e:24:dd:77:fa,118
1738653983.9412272,6c:f6:da:80:61:1e,cc:4e:24:dd:77:fa,134
1738653983.9416142,6c:f6:da:80:61:1e,cc:4e:24:dd:77:fa,187
1738653983.9419832,6c:f6:da:80:61:1e,cc:4e:24:dd:77:fa,134
1738653983.9423513,6c:f6:da:80:61:1e,cc:4e:24:dd:77:fa,85
1738653983.9427602,6c:f6:da:80:61:1e,cc:4e:24:dd:77:fa,187
1738653983.943132,6c:f6:da:80:61:1e,cc:4e:24:dd:77:fa,118
1738653983.9434974,6c:f6:da:80:61:1e,cc:4e:24:dd:77:fa,118
1738653983.9438775,cc:4e:24:dd:77:fa,6c:f6:da:80:61:1e,85
1738653983.9441793,6c:f6:da:80:61:1e,cc:4e:24:dd:77:fa,54
1738653983.9445558,cc:4e:24:dd:77:fa,6c:f6:da:80:61:1e,89
1738653983.944947,cc:4e:24:dd:77:fa,6c:f6:da:80:61:1e,159
1738653983.9453177,cc:4e:24:dd:77:fa,6c:f6:da:80:61:1e,85
1738653983.9456158,6c:f6:da:80:61:1e,cc:4e:24:dd:77:fa,54
1738653983.9459074,6c:f6:da:80:61:1e,cc:4e:24:dd:77:fa,54
1738653983.9462135,6c:f6:da:80:61:1e,cc:4e:24:dd:77:fa,54
1738653983.9466765,cc:4e:24:dd:77:fa,6c:f6:da:80:61:1e,237
1738653983.9470606,cc:4e:24:dd:77:fa,6c:f6:da:80:61:1e,128
1738653983.9473567,6c:f6:da:80:61:1e,cc:4e:24:dd:77:fa,54
1738653983.9476683,6c:f6:da:80:61:1e,cc:4e:24:dd:77:fa,54
1738653983.94803,cc:4e:24:dd:77:fa,6c:f6:da:80:61:1e,85
1738653983.9483995,cc:4e:24:dd:77:fa,6c:f6:da:80:61:1e,89
1738653983.9487379,6c:f6:da:80:61:1e,cc:4e:24:dd:77:fa,54
1738653983.9490464,6c:f6:da:80:61:1e,cc:4e:24:dd:77:fa,54
1738653983.9494288,cc:4e:24:dd:77:fa,6c:f6:da:80:61:1e,159
1738653983.949791,cc:4e:24:dd:77:fa,6c:f6:da:80:61:1e,85
1738653983.9501026,6c:f6:da:80:61:1e,cc:4e:24:dd:77:fa,54
1738653983.9504023,6c:f6:da:80:61:1e,cc:4e:24:dd:77:fa,54
1738653983.9571273,6c:f6:da:80:61:1e,cc:4e:24:dd:77:fa,118
1738653983.9608486,6c:f6:da:80:61:1e,cc:4e:24:dd:77:fa,118
1738653983.9623728,cc:4e:24:dd:77:fa,6c:f6:da:80:61:1e,225
1738653983.9628952,cc:4e:24:dd:77:fa,6c:f6:da:80:61:1e,128
1738653983.9632576,6c:f6:da:80:61:1e,cc:4e:24:dd:77:fa,54
1738653983.963579,6c:f6:da:80:61:1e,cc:4e:24:dd:77:fa,54
1738653983.9673727,cc:4e:24:dd:77:fa,6c:f6:da:80:61:1e,237
1738653983.9679081,cc:4e:24:dd:77:fa,6c:f6:da:80:61:1e,128
1738653983.9682372,6c:f6:da:80:61:1e,cc:4e:24:dd:77:fa,54
1738653983.9685364,6c:f6:da:80:61:1e,cc:4e:24:dd:77:fa,54
1738653983.9707162,6c:f6:da:80:61:1e,cc:4e:24:dd:77:fa,85
1738653983.9722676,6c:f6:da:80:61:1e,cc:4e:24:dd:77:fa,134
1738653983.9727135,6c:f6:da:80:61:1e,cc:4e:24:dd:77:fa,187
1738653983.9731567,6c:f6:da:80:61:1e,cc:4e:24:dd:77:fa,85
1738653983.9735477,6c:f6:da:80:61:1e,cc:4e:24:dd:77:fa,134
1738653983.9739156,6c:f6:da:80:61:1e,cc:4e:24:dd:77:fa,134
1738653983.9742882,6c:f6:da:80:61:1e,cc:4e:24:dd:77:fa,85
1738653983.974674,6c:f6:da:80:61:1e,cc:4e:24:dd:77:fa,85
1738653983.9749966,cc:4e:24:dd:77:fa,6c:f6:da:80:61:1e,54
1738653983.9753964,6c:f6:da:80:61:1e,cc:4e:24:dd:77:fa,85
1738653983.9766436,6c:f6:da:80:61:1e,cc:4e:24:dd:77:fa,85
1738653983.9788902,6c:f6:da:80:61:1e,cc:4e:24:dd:77:fa,134
1738653983.9997838,cc:4e:24:dd:77:fa,6c:f6:da:80:61:1e,238
1738653984.0003679,cc:4e:24:dd:77:fa,6c:f6:da:80:61:1e,128
1738653984.0007033,cc:4e:24:dd:77:fa,6c:f6:da:80:61:1e,54
1738653984.0010717,cc:4e:24:dd:77:fa,6c:f6:da:80:61:1e,98
1738653984.0014458,cc:4e:24:dd:77:fa,6c:f6:da:80:61:1e,159
1738653984.0018258,cc:4e:24:dd:77:fa,6c:f6:da:80:61:1e,85
1738653984.0021918,cc:4e:24:dd:77:fa,6c:f6:da:80:61:1e,85
1738653984.00249,6c:f6:da:80:61:1e,cc:4e:24:dd:77:fa,54
1738653984.0028229,6c:f6:da:80:61:1e,cc:4e:24:dd:77:fa,54
1738653984.003187,6c:f6:da:80:61:1e,cc:4e:24:dd:77:fa,54
1738653984.003496,6c:f6:da:80:61:1e,cc:4e:24:dd:77:fa,54
1738653984.0038373,6c:f6:da:80:61:1e,cc:4e:24:dd:77:fa,54
1738653984.004129,6c:f6:da:80:61:1e,cc:4e:24:dd:77:fa,54
1738653984.005764,cc:4e:24:dd:77:fa,6c:f6:da:80:61:1e,85
1738653984.0061462,6c:f6:da:80:61:1e,cc:4e:24:dd:77:fa,54
1738653984.0102,cc:4e:24:dd:77:fa,6c:f6:da:80:61:1e,225
1738653984.0106938,cc:4e:24:dd:77:fa,6c:f6:da:80:61:1e,128
1738653984.011066,6c:f6:da:80:61:1e,cc:4e:24:dd:77:fa,54
1738653984.0114498,6c:f6:da:80:61:1e,cc:4e:24:dd:77:fa,54
1738653984.0256348,6c:f6:da:80:61:1e,cc:4e:24:dd:77:fa,85
1738653984.0261962,6c:f6:da:80:61:1e,cc:4e:24:dd:77:fa,177
1738653984.0278623,6c:f6:da:80:61:1e,cc:4e:24:dd:77:fa,187
1738653984.0329049,6c:f6:da:80:61:1e,cc:4e:24:dd:77:fa,85
1738653984.0336237,6c:f6:da:80:61:1e,cc:4e:24:dd:77:fa,85
1738653984.0356243,cc:4e:24:dd:77:fa,6c:f6:da:80:61:1e,85
1738653984.0359874,cc:4e:24:dd:77:fa,6c:f6:da:80:61:1e,54
1738653984.0364628,6c:f6:da:80:61:1e,cc:4e:24:dd:77:fa,189
1738653984.036829,6c:f6:da:80:61:1e,cc:4e:24:dd:77:fa,54
1738653984.0372355,6c:f6:da:80:61:1e,cc:4e:24:dd:77:fa,118
1738653984.0376296,6c:f6:da:80:61:1e,cc:4e:24:dd:77:fa,118
1738653984.038113,6c:f6:da:80:61:1e,cc:4e:24:dd:77:fa,134
1738653984.0390825,cc:4e:24:dd:77:fa,6c:f6:da:80:61:1e,54
1738653984.0394793,cc:4e:24:dd:77:fa,6c:f6:da:80:61:1e,54
1738653984.0398388,cc:4e:24:dd:77:fa,6c:f6:da:80:61:1e,54
1738653984.0401533,cc:4e:24:dd:77:fa,6c:f6:da:80:61:1e,54
1738653984.0404522,cc:4e:24:dd:77:fa,6c:f6:da:80:61:1e,54
1738653984.0414271,6c:f6:da:80:61:1e,cc:4e:24:dd:77:fa,108
1738653984.0422745,6c:f6:da:80:61:1e,cc:4e:24:dd:77:fa,134
1738653984.0452042,6c:f6:da:80:61:1e,cc:4e:24:dd:77:fa,187
1738653984.0534637,cc:4e:24:dd:77:fa,6c:f6:da:80:61:1e,89
1738653984.0539253,6c:f6:da:80:61:1e,cc:4e:24:dd:77:fa,186
1738653984.0546217,6c:f6:da:80:61:1e,cc:4e:24:dd:77:fa,54
1738653984.0550036,cc:4e:24:dd:77:fa,6c:f6:da:80:61:1e,54
1738653984.0554845,cc:4e:24:dd:77:fa,6c:f6:da:80:61:1e,159
1738653984.0558562,cc:4e:24:dd:77:fa,6c:f6:da:80:61:1e,85
1738653984.0564938,cc:4e:24:dd:77:fa,6c:f6:da:80:61:1e,89
1738653984.0569274,6c:f6:da:80:61:1e,cc:4e:24:dd:77:fa,54
1738653984.0572813,6c:f6:da:80:61:1e,cc:4e:24:dd:77:fa,54
1738653984.0575836,6c:f6:da:80:61:1e,cc:4e:24:dd:77:fa,54
1738653984.0580134,cc:4e:24:dd:77:fa,6c:f6:da:80:61:1e,159
1738653984.0584116,cc:4e:24:dd:77:fa,6c:f6:da:80:61:1e,85
1738653984.0588048,6c:f6:da:80:61:1e,cc:4e:24:dd:77:fa,54
1738653984.0591054,6c:f6:da:80:61:1e,cc:4e:24:dd:77:fa,54
1738653984.0654657,cc:4e:24:dd:77:fa,6c:f6:da:80:61:1e,238
1738653984.0659223,cc:4e:24:dd:77:fa,6c:f6:da:80:61:1e,128
1738653984.0663269,cc:4e:24:dd:77:fa,6c:f6:da:80:61:1e,85
1738653984.0667236,cc:4e:24:dd:77:fa,6c:f6:da:80:61:1e,89
1738653984.0671442,6c:f6:da:80:61:1e,cc:4e:24:dd:77:fa,54
1738653984.0674531,6c:f6:da:80:61:1e,cc:4e:24:dd:77:fa,54
1738653984.0677505,6c:f6:da:80:61:1e,cc:4e:24:dd:77:fa,54
1738653984.0680404,6c:f6:da:80:61:1e,cc:4e:24:dd:77:fa,54
1738653984.0684242,6c:f6:da:80:61:1e,cc:4e:24:dd:77:fa,85
1738653984.0692875,cc:4e:24:dd:77:fa,6c:f6:da:80:61:1e,159
1738653984.0697465,cc:4e:24:dd:77:fa,6c:f6:da:80:61:1e,85
1738653984.0701106,6c:f6:da:80:61:1e,cc:4e:24:dd:77:fa,54
1738653984.0704162,6c:f6:da:80:61:1e,cc:4e:24:dd:77:fa,54
1738653984.0721033,cc:4e:24:dd:77:fa,6c:f6:da:80:61:1e,89
1738653984.0725965,6c:f6:da:80:61:1e,cc:4e:24:dd:77:fa,54
1738653984.0730681,cc:4e:24:dd:77:fa,6c:f6:da:80:61:1e,159
1738653984.0734653,cc:4e:24:dd:77:fa,6c:f6:da:80:61:1e,85
1738653984.0737839,6c:f6:da:80:61:1e,cc:4e:24:dd:77:fa,54
1738653984.0740864,6c:f6:da:80:61:1e,cc:4e:24:dd:77:fa,54
1738653984.0865102,cc:4e:24:dd:77:fa,6c:f6:da:80:61:1e,54
1738653984.0911427,cc:4e:24:dd:77:fa,6c:f6:da:80:61:1e,225
1738653984.091617,cc:4e:24:dd:77:fa,6c:f6:da:80:61:1e,128
1738653984.0919797,6c:f6:da:80:61:1e,cc:4e:24:dd:77:fa,54
1738653984.0922887,6c:f6:da:80:61:1e,cc:4e:24:dd:77:fa,54
1738653984.092721,6c:f6:da:80:61:1e,cc:4e:24:dd:77:fa,85
1738653984.0958655,cc:4e:24:dd:77:fa,6c:f6:da:80:61:1e,85
1738653984.0963433,6c:f6:da:80:61:1e,cc:4e:24:dd:77:fa,54
1738653984.0990171,cc:4e:24:dd:77:fa,6c:f6:da:80:61:1e,54
1738653984.099579,cc:4e:24:dd:77:fa,6c:f6:da:80:61:1e,89
1738653984.0999513,6c:f6:da:80:61:1e,cc:4e:24:dd:77:fa,54
1738653984.1005952,cc:4e:24:dd:77:fa,6c:f6:da:80:61:1e,159
1738653984.1043146,cc:4e:24:dd:77:fa,6c:f6:da:80:61:1e,85
1738653984.1047132,6c:f6:da:80:61:1e,cc:4e:24:dd:77:fa,54
1738653984.1050553,6c:f6:da:80:61:1e,cc:4e:24:dd:77:fa,54
1738653984.114603,6c:f6:da:80:61:1e,cc:4e:24:dd:77:fa,240
1738653984.115099,6c:f6:da:80:61:1e,cc:4e:24:dd:77:fa,289
1738653984.1207843,cc:4e:24:dd:77:fa,6c:f6:da:80:61:1e,54
1738653984.131043,cc:4e:24:dd:77:fa,6c:f6:da:80:61:1e,54
1738653984.1462011,cc:4e:24:dd:77:fa,6c:f6:da:80:61:1e,54
1738653984.1466846,cc:4e:24:dd:77:fa,6c:f6:da:80:61:1e,89
1738653984.1470397,cc:4e:24:dd:77:fa,6c:f6:da:80:61:1e,54
1738653984.1477618,cc:4e:24:dd:77:fa,6c:f6:da:80:61:1e,89
1738653984.1482687,cc:4e:24:dd:77:fa,6c:f6:da:80:61:1e,449
1738653984.1488163,cc:4e:24:dd:77:fa,6c:f6:da:80:61:1e,445
1738653984.1492548,cc:4e:24:dd:77:fa,6c:f6:da:80:61:1e,77
1738653984.1498113,cc:4e:24:dd:77:fa,6c:f6:da:80:61:1e,1446
1738653984.1503272,cc:4e:24:dd:77:fa,6c:f6:da:80:61:1e,1446
1738653984.1507306,cc:4e:24:dd:77:fa,6c:f6:da:80:61:1e,77
1738653984.1512182,cc:4e:24:dd:77:fa,6c:f6:da:80:61:1e,1446
1738653984.1517274,cc:4e:24:dd:77:fa,6c:f6:da:80:61:1e,1446
1738653984.152163,cc:4e:24:dd:77:fa,6c:f6:da:80:61:1e,242
1738653984.1526825,cc:4e:24:dd:77:fa,6c:f6:da:80:61:1e,1446
1738653984.1531894,cc:4e:24:dd:77:fa,6c:f6:da:80:61:1e,1446
1738653984.1536562,6c:f6:da:80:61:1e,cc:4e:24:dd:77:fa,54
1738653984.1539874,6c:f6:da:80:61:1e,cc:4e:24:dd:77:fa,54
1738653984.1543255,6c:f6:da:80:61:1e,cc:4e:24:dd:77:fa,54
1738653984.1553988,6c:f6:da:80:61:1e,cc:4e:24:dd:77:fa,54
1738653984.15579,6c:f6:da:80:61:1e,cc:4e:24:dd:77:fa,54
1738653984.1561077,6c:f6:da:80:61:1e,cc:4e:24:dd:77:fa,54
1738653984.1564476,6c:f6:da:80:61:1e,cc:4e:24:dd:77:fa,54
1738653984.1567435,6c:f6:da:80:61:1e,cc:4e:24:dd:77:fa,54
1738653984.1570666,6c:f6:da:80:61:1e,cc:4e:24:dd:77:fa,54
1738653984.1575987,cc:4e:24:dd:77:fa,6c:f6:da:80:61:1e,1446
1738653984.158159,cc:4e:24:dd:77:fa,6c:f6:da:80:61:1e,1446
1738653984.1586933,cc:4e:24:dd:77:fa,6c:f6:da:80:61:1e,1446
1738653984.1592093,cc:4e:24:dd:77:fa,6c:f6:da:80:61:1e,1446
1738653984.159583,6c:f6:da:80:61:1e,cc:4e:24:dd:77:fa,54
1738653984.160083,cc:4e:24:dd:77:fa,6c:f6:da:80:61:1e,1446
1738653984.1605892,cc:4e:24:dd:77:fa,6c:f6:da:80:61:1e,1446
1738653984.161099,cc:4e:24:dd:77:fa,6c:f6:da:80:61:1e,1446
1738653984.1615942,cc:4e:24:dd:77:fa,6c:f6:da:80:61:1e,1446
1738653984.1619582,6c:f6:da:80:61:1e,cc:4e:24:dd:77:fa,54
1738653984.16246,cc:4e:24:dd:77:fa,6c:f6:da:80:61:1e,1446
1738653984.162969,cc:4e:24:dd:77:fa,6c:f6:da:80:61:1e,1446
1738653984.1633325,6c:f6:da:80:61:1e,cc:4e:24:dd:77:fa,54
1738653984.1697054,cc:4e:24:dd:77:fa,6c:f6:da:80:61:1e,1446
1738653984.1702464,cc:4e:24:dd:77:fa,6c:f6:da:80:61:1e,1446
1738653984.1706147,6c:f6:da:80:61:1e,cc:4e:24:dd:77:fa,54
1738653984.1711419,cc:4e:24:dd:77:fa,6c:f6:da:80:61:1e,1446
1738653984.1716957,cc:4e:24:dd:77:fa,6c:f6:da:80:61:1e,1446
1738653984.1720052,6c:f6:da:80:61:1e,cc:4e:24:dd:77:fa,54
1738653984.1725733,cc:4e:24:dd:77:fa,6c:f6:da:80:61:1e,1446
1738653984.1730573,cc:4e:24:dd:77:fa,6c:f6:da:80:61:1e,1446
1738653984.1733873,6c:f6:da:80:61:1e,cc:4e:24:dd:77:fa,54
1738653984.1751568,cc:4e:24:dd:77:fa,6c:f6:da:80:61:1e,1446
1738653984.1757615,cc:4e:24:dd:77:fa,6c:f6:da:80:61:1e,1446
1738653984.1761324,6c:f6:da:80:61:1e,cc:4e:24:dd:77:fa,54
1738653984.177552,cc:4e:24:dd:77:fa,6c:f6:da:80:61:1e,1446
1738653984.1780996,cc:4e:24:dd:77:fa,6c:f6:da:80:61:1e,1446
1738653984.178474,6c:f6:da:80:61:1e,cc:4e:24:dd:77:fa,54
1738653984.179949,cc:4e:24:dd:77:fa,6c:f6:da:80:61:1e,1446
1738653984.1805,cc:4e:24:dd:77:fa,6c:f6:da:80:61:1e,1446
1738653984.1808813,6c:f6:da:80:61:1e,cc:4e:24:dd:77:fa,54
1738653984.1820393,cc:4e:24:dd:77:fa,6c:f6:da:80:61:1e,1446
1738653984.1825535,cc:4e:24:dd:77:fa,6c:f6:da:80:61:1e,1446
1738653984.1829033,6c:f6:da:80:61:1e,cc:4e:24:dd:77:fa,54
1738653984.1835618,cc:4e:24:dd:77:fa,6c:f6:da:80:61:1e,1446
1738653984.1844656,cc:4e:24:dd:77:fa,6c:f6:da:80:61:1e,1446
1738653984.1849453,6c:f6:da:80:61:1e,cc:4e:24:dd:77:fa,54
1738653984.1854959,cc:4e:24:dd:77:fa,6c:f6:da:80:61:1e,1446
1738653984.186027,cc:4e:24:dd:77:fa,6c:f6:da:80:61:1e,1446
1738653984.1864192,6c:f6:da:80:61:1e,cc:4e:24:dd:77:fa,54
1738653984.189075,cc:4e:24:dd:77:fa,6c:f6:da:80:61:1e,1446
1738653984.1896322,cc:4e:24:dd:77:fa,6c:f6:da:80:61:1e,1446
1738653984.1901166,cc:4e:24:dd:77:fa,6c:f6:da:80:61:1e,1446
1738653984.1906197,cc:4e:24:dd:77:fa,6c:f6:da:80:61:1e,1446
1738653984.1910777,cc:4e:24:dd:77:fa,6c:f6:da:80:61:1e,1446
1738653984.1915276,cc:4e:24:dd:77:fa,6c:f6:da:80:61:1e,1446
1738653984.1918657,6c:f6:da:80:61:1e,cc:4e:24:dd:77:fa,54
1738653984.1923382,cc:4e:24:dd:77:fa,6c:f6:da:80:61:1e,1446
1738653984.1928053,cc:4e:24:dd:77:fa,6c:f6:da:80:61:1e,1446
1738653984.193106,6c:f6:da:80:61:1e,cc:4e:24:dd:77:fa,54
1738653984.1937997,cc:4e:24:dd:77:fa,6c:f6:da:80:61:1e,1446
1738653984.1942606,cc:4e:24:dd:77:fa,6c:f6:da:80:61:1e,1446
1738653984.1947112,cc:4e:24:dd:77:fa,6c:f6:da:80:61:1e,1446
1738653984.1951737,cc:4e:24:dd:77:fa,6c:f6:da:80:61:1e,1446
1738653984.195501,6c:f6:da:80:61:1e,cc:4e:24:dd:77:fa,54
1738653984.195791,cc:4e:24:dd:77:fa,6c:f6:da:80:61:1e,54
1738653984.19836,cc:4e:24:dd:77:fa,6c:f6:da:80:61:1e,1446
1738653984.1989295,cc:4e:24:dd:77:fa,6c:f6:da:80:61:1e,1446
1738653984.1993818,cc:4e:24:dd:77:fa,6c:f6:da:80:61:1e,706
1738653984.199911,cc:4e:24:dd:77:fa,6c:f6:da:80:61:1e,1446
1738653984.2002547,6c:f6:da:80:61:1e,cc:4e:24:dd:77:fa,54
1738653984.2005696,6c:f6:da:80:61:1e,cc:4e:24:dd:77:fa,66
1738653984.2008681,6c:f6:da:80:61:1e,cc:4e:24:dd:77:fa,54
1738653985.044065,6c:f6:da:80:61:1e,cc:4e:24:dd:77:fa,55
1738653985.0681987,cc:4e:24:dd:77:fa,6c:f6:da:80:61:1e,66
1738653985.385397,6c:f6:da:80:61:1e,cc:4e:24:dd:77:fa,54
1738653985.3857481,6c:f6:da:80:61:1e,cc:4e:24:dd:77:fa,54
1738653985.386083,6c:f6:da:80:61:1e,cc:4e:24:dd:77:fa,54
1738653985.3863747,6c:f6:da:80:61:1e,cc:4e:24:dd:77:fa,54
1738653985.3903494,6c:f6:da:80:61:1e,cc:4e:24:dd:77:fa,54
1738653985.390723,6c:f6:da:80:61:1e,cc:4e:24:dd:77:fa,54
1738653985.3910408,6c:f6:da:80:61:1e,cc:4e:24:dd:77:fa,54
1738653985.3913984,6c:f6:da:80:61:1e,cc:4e:24:dd:77:fa,54
1738653985.4006128,6c:f6:da:80:61:1e,cc:4e:24:dd:77:fa,54
1738653986.8140235,6c:f6:da:80:61:1e,cc:4e:24:dd:77:fa,66
1738653986.815572,cc:4e:24:dd:77:fa,6c:f6:da:80:61:1e,54
1738653987.2627265,6c:f6:da:80:61:1e,cc:4e:24:dd:77:fa,55
1738653987.2893198,cc:4e:24:dd:77:fa,6c:f6:da:80:61:1e,66
1738653987.5891619,6c:f6:da:80:61:1e,ff:ff:ff:ff:ff:ff,86
1738653987.8197398,6c:f6:da:80:61:1e,cc:4e:24:dd:77:fa,66
1738653987.8218765,cc:4e:24:dd:77:fa,6c:f6:da:80:61:1e,54
1738653988.2392051,6c:f6:da:80:61:1e,cc:4e:24:dd:77:fa,55
1738653988.2860625,cc:4e:24:dd:77:fa,6c:f6:da:80:61:1e,66
1738653988.7075853,6c:f6:da:80:61:1e,cc:4e:24:dd:77:fa,55
1738653988.825599,cc:4e:24:dd:77:fa,6c:f6:da:80:61:1e,66
1738653989.1647465,cc:4e:24:dd:77:fa,6c:f6:da:80:61:1e,305
1738653989.1652308,cc:4e:24:dd:77:fa,6c:f6:da:80:61:1e,259
1738653989.1656814,6c:f6:da:80:61:1e,cc:4e:24:dd:77:fa,89
1738653989.1660624,6c:f6:da:80:61:1e,cc:4e:24:dd:77:fa,89
1738653989.1666908,cc:4e:24:dd:77:fa,6c:f6:da:80:61:1e,85
1738653989.167088,cc:4e:24:dd:77:fa,6c:f6:da:80:61:1e,93
1738653989.1674163,6c:f6:da:80:61:1e,cc:4e:24:dd:77:fa,54
1738653989.1678028,6c:f6:da:80:61:1e,cc:4e:24:dd:77:fa,93
1738653989.1716464,6c:f6:da:80:61:1e,cc:4e:24:dd:77:fa,293
1738653989.2107584,cc:4e:24:dd:77:fa,6c:f6:da:80:61:1e,54
1738653989.2112715,cc:4e:24:dd:77:fa,6c:f6:da:80:61:1e,54
1738653989.211919,cc:4e:24:dd:77:fa,6c:f6:da:80:61:1e,54
1738653989.2161677,cc:4e:24:dd:77:fa,6c:f6:da:80:61:1e,54
1738653989.4850812,cc:4e:24:dd:77:fa,6c:f6:da:80:61:1e,119
1738653989.4855504,cc:4e:24:dd:77:fa,6c:f6:da:80:61:1e,195
1738653989.485903,6c:f6:da:80:61:1e,cc:4e:24:dd:77:fa,54
1738653989.830132,6c:f6:da:80:61:1e,cc:4e:24:dd:77:fa,66
1738653989.832162,cc:4e:24:dd:77:fa,6c:f6:da:80:61:1e,54
1738653990.1863756,6c:f6:da:80:61:1e,cc:4e:24:dd:77:fa,54
1738653990.1867473,6c:f6:da:80:61:1e,cc:4e:24:dd:77:fa,54
1738653990.1870654,6c:f6:da:80:61:1e,cc:4e:24:dd:77:fa,54
1738653990.1874297,6c:f6:da:80:61:1e,cc:4e:24:dd:77:fa,54
1738653990.1877367,6c:f6:da:80:61:1e,cc:4e:24:dd:77:fa,54
1738653990.1881256,6c:f6:da:80:61:1e,cc:4e:24:dd:77:fa,54
1738653990.1884215,6c:f6:da:80:61:1e,cc:4e:24:dd:77:fa,54
1738653990.1905591,6c:f6:da:80:61:1e,01:00:5e:00:00:fb,234
1738653990.1914299,6c:f6:da:80:61:1e,01:00:5e:00:00:fb,93
1738653990.2017016,6c:f6:da:80:61:1e,cc:4e:24:dd:77:fa,54
1738653990.202511,6c:f6:da:80:61:1e,cc:4e:24:dd:77:fa,54
1738653990.2033389,cc:4e:24:dd:77:fa,6c:f6:da:80:61:1e,260
1738653990.2479613,6c:f6:da:80:61:1e,cc:4e:24:dd:77:fa,54
1738653990.3219929,6c:f6:da:80:61:1e,cc:4e:24:dd:77:fa,107
1738653990.365713,cc:4e:24:dd:77:fa,6c:f6:da:80:61:1e,54
1738653990.4537964,6c:f6:da:80:61:1e,01:00:5e:00:00:fb,93
1738653990.4590716,6c:f6:da:80:61:1e,cc:4e:24:dd:77:fa,111
1738653990.5112693,cc:4e:24:dd:77:fa,6c:f6:da:80:61:1e,54
1738653990.7176454,6c:f6:da:80:61:1e,01:00:5e:00:00:fb,93
1738653990.7752357,cc:4e:24:dd:77:fa,6c:f6:da:80:61:1e,512
1738653990.7765515,cc:4e:24:dd:77:fa,6c:f6:da:80:61:1e,207
1738653990.7769263,6c:f6:da:80:61:1e,cc:4e:24:dd:77:fa,54
1738653990.7773645,6c:f6:da:80:61:1e,cc:4e:24:dd:77:fa,89
1738653990.828853,cc:4e:24:dd:77:fa,6c:f6:da:80:61:1e,54
1738653990.9171834,6c:f6:da:80:61:1e,cc:4e:24:dd:77:fa,82
1738653990.964654,cc:4e:24:dd:77:fa,6c:f6:da:80:61:1e,54
1738653990.9705462,6c:f6:da:80:61:1e,cc:4e:24:dd:77:fa,83
1738653990.9758523,cc:4e:24:dd:77:fa,6c:f6:da:80:61:1e,227
1738653990.9768653,6c:f6:da:80:61:1e,cc:4e:24:dd:77:fa,66
1738653990.987169,6c:f6:da:80:61:1e,01:00:5e:00:00:fb,299
1738653990.9898198,6c:f6:da:80:61:1e,01:00:5e:00:00:fb,235
1738653991.0062366,cc:4e:24:dd:77:fa,6c:f6:da:80:61:1e,66
1738653991.0068612,6c:f6:da:80:61:1e,cc:4e:24:dd:77:fa,54
1738653991.0073195,6c:f6:da:80:61:1e,cc:4e:24:dd:77:fa,165
1738653991.053451,cc:4e:24:dd:77:fa,6c:f6:da:80:61:1e,54
1738653991.0539799,cc:4e:24:dd:77:fa,6c:f6:da:80:61:1e,241
1738653991.0543494,cc:4e:24:dd:77:fa,6c:f6:da:80:61:1e,54
1738653991.0553925,6c:f6:da:80:61:1e,cc:4e:24:dd:77:fa,54
1738653991.0560436,6c:f6:da:80:61:1e,cc:4e:24:dd:77:fa,54
1738653991.0912774,6c:f6:da:80:61:1e,cc:4e:24:dd:77:fa,55
1738653991.096647,cc:4e:24:dd:77:fa,6c:f6:da:80:61:1e,54
1738653991.348142,cc:4e:24:dd:77:fa,6c:f6:da:80:61:1e,66
1738653991.5981705,6c:f6:da:80:61:1e,cc:4e:24:dd:77:fa,163
1738653991.5986435,6c:f6:da:80:61:1e,cc:4e:24:dd:77:fa,93
1738653991.5990348,6c:f6:da:80:61:1e,cc:4e:24:dd:77:fa,230
1738653991.6443965,cc:4e:24:dd:77:fa,6c:f6:da:80:61:1e,54
1738653991.6448019,cc:4e:24:dd:77:fa,6c:f6:da:80:61:1e,54
1738653991.6451263,cc:4e:24:dd:77:fa,6c:f6:da:80:61:1e,54
1738653991.64597,cc:4e:24:dd:77:fa,6c:f6:da:80:61:1e,93
1738653991.696002,6c:f6:da:80:61:1e,cc:4e:24:dd:77:fa,54
1738653991.7075443,cc:4e:24:dd:77:fa,6c:f6:da:80:61:1e,125
1738653991.708587,cc:4e:24:dd:77:fa,6c:f6:da:80:61:1e,85
1738653991.709285,6c:f6:da:80:61:1e,cc:4e:24:dd:77:fa,54
1738653991.7112372,cc:4e:24:dd:77:fa,6c:f6:da:80:61:1e,93
1738653991.711723,6c:f6:da:80:61:1e,cc:4e:24:dd:77:fa,93
1738653991.7628763,cc:4e:24:dd:77:fa,6c:f6:da:80:61:1e,54
1738653992.9306216,6c:f6:da:80:61:1e,cc:4e:24:dd:77:fa,85
1738653992.9773967,cc:4e:24:dd:77:fa,6c:f6:da:80:61:1e,54
1738653993.834355,6c:f6:da:80:61:1e,cc:4e:24:dd:77:fa,66
1738653993.8358355,cc:4e:24:dd:77:fa,6c:f6:da:80:61:1e,54
1738653994.1978364,6c:f6:da:80:61:1e,cc:4e:24:dd:77:fa,66
1738653994.1982481,6c:f6:da:80:61:1e,cc:4e:24:dd:77:fa,66
1738653994.1987298,6c:f6:da:80:61:1e,cc:4e:24:dd:77:fa,164
1738653994.199169,6c:f6:da:80:61:1e,cc:4e:24:dd:77:fa,93
1738653994.199627,6c:f6:da:80:61:1e,cc:4e:24:dd:77:fa,541
1738653994.1999547,cc:4e:24:dd:77:fa,6c:f6:da:80:61:1e,66
1738653994.2044222,6c:f6:da:80:61:1e,cc:4e:24:dd:77:fa,54
1738653994.2056096,6c:f6:da:80:61:1e,cc:4e:24:dd:77:fa,56
1738653994.20619,6c:f6:da:80:61:1e,cc:4e:24:dd:77:fa,89
1738653994.2066176,cc:4e:24:dd:77:fa,6c:f6:da:80:61:1e,66
1738653994.206951,6c:f6:da:80:61:1e,cc:4e:24:dd:77:fa,54
1738653994.20735,6c:f6:da:80:61:1e,cc:4e:24:dd:77:fa,56
1738653994.207779,6c:f6:da:80:61:1e,cc:4e:24:dd:77:fa,89
1738653994.2080972,cc:4e:24:dd:77:fa,6c:f6:da:80:61:1e,54
1738653994.211708,cc:4e:24:dd:77:fa,6c:f6:da:80:61:1e,244
1738653994.2121687,cc:4e:24:dd:77:fa,6c:f6:da:80:61:1e,54
1738653994.2139647,cc:4e:24:dd:77:fa,6c:f6:da:80:61:1e,226
1738653994.214438,6c:f6:da:80:61:1e,cc:4e:24:dd:77:fa,54
1738653994.2148032,6c:f6:da:80:61:1e,cc:4e:24:dd:77:fa,54
1738653994.2151117,cc:4e:24:dd:77:fa,6c:f6:da:80:61:1e,54
1738653994.215409,cc:4e:24:dd:77:fa,6c:f6:da:80:61:1e,54
1738653994.2157092,6c:f6:da:80:61:1e,cc:4e:24:dd:77:fa,54
1738653994.2160144,cc:4e:24:dd:77:fa,6c:f6:da:80:61:1e,54
1738653994.2163577,cc:4e:24:dd:77:fa,6c:f6:da:80:61:1e,54
1738653994.216668,6c:f6:da:80:61:1e,cc:4e:24:dd:77:fa,54
1738653994.4993372,cc:4e:24:dd:77:fa,6c:f6:da:80:61:1e,54
1738653994.499701,cc:4e:24:dd:77:fa,6c:f6:da:80:61:1e,54
1738653994.500014,cc:4e:24:dd:77:fa,6c:f6:da:80:61:1e,54
1738653994.5004861,cc:4e:24:dd:77:fa,6c:f6:da:80:61:1e,93
1738653994.5295088,cc:4e:24:dd:77:fa,6c:f6:da:80:61:1e,81
1738653994.5533316,6c:f6:da:80:61:1e,cc:4e:24:dd:77:fa,54
1738653994.5844054,6c:f6:da:80:61:1e,cc:4e:24:dd:77:fa,54
1738653994.6210973,cc:4e:24:dd:77:fa,6c:f6:da:80:61:1e,693
1738653994.6217093,cc:4e:24:dd:77:fa,6c:f6:da:80:61:1e,85
1738653994.622304,6c:f6:da:80:61:1e,cc:4e:24:dd:77:fa,54
1738653994.6227567,6c:f6:da:80:61:1e,cc:4e:24:dd:77:fa,89
1738653994.6591942,6c:f6:da:80:61:1e,cc:4e:24:dd:77:fa,164
1738653994.6604416,6c:f6:da:80:61:1e,cc:4e:24:dd:77:fa,1514
1738653994.6610007,6c:f6:da:80:61:1e,cc:4e:24:dd:77:fa,723
1738653994.774724,cc:4e:24:dd:77:fa,6c:f6:da:80:61:1e,220
1738653994.8220615,6c:f6:da:80:61:1e,cc:4e:24:dd:77:fa,54
1738653994.9688644,cc:4e:24:dd:77:fa,6c:f6:da:80:61:1e,54
1738653994.969627,cc:4e:24:dd:77:fa,6c:f6:da:80:61:1e,54
1738653995.0111322,6c:f6:da:80:61:1e,cc:4e:24:dd:77:fa,106
1738653995.0174396,cc:4e:24:dd:77:fa,6c:f6:da:80:61:1e,421
1738653995.0178866,cc:4e:24:dd:77:fa,6c:f6:da:80:61:1e,85
1738653995.018238,6c:f6:da:80:61:1e,cc:4e:24:dd:77:fa,54
1738653995.020853,6c:f6:da:80:61:1e,cc:4e:24:dd:77:fa,160
1738653995.0214124,6c:f6:da:80:61:1e,cc:4e:24:dd:77:fa,541
1738653995.0683212,cc:4e:24:dd:77:fa,6c:f6:da:80:61:1e,54
1738653995.229963,6c:f6:da:80:61:1e,cc:4e:24:dd:77:fa,886
1738653995.3221848,cc:4e:24:dd:77:fa,6c:f6:da:80:61:1e,54
1738653995.3780491,cc:4e:24:dd:77:fa,6c:f6:da:80:61:1e,432
1738653995.4275694,6c:f6:da:80:61:1e,cc:4e:24:dd:77:fa,54
1738653995.440823,cc:4e:24:dd:77:fa,6c:f6:da:80:61:1e,1514
1738653995.441313,cc:4e:24:dd:77:fa,6c:f6:da:80:61:1e,132
1738653995.4417048,cc:4e:24:dd:77:fa,6c:f6:da:80:61:1e,85
1738653995.4434812,cc:4e:24:dd:77:fa,6c:f6:da:80:61:1e,1514
1738653995.4439929,6c:f6:da:80:61:1e,cc:4e:24:dd:77:fa,66
1738653995.4443407,6c:f6:da:80:61:1e,cc:4e:24:dd:77:fa,66
1738653995.4446468,6c:f6:da:80:61:1e,cc:4e:24:dd:77:fa,54
1738653995.4657242,6c:f6:da:80:61:1e,cc:4e:24:dd:77:fa,160
1738653995.4663398,6c:f6:da:80:61:1e,cc:4e:24:dd:77:fa,503
1738653995.6153908,6c:f6:da:80:61:1e,cc:4e:24:dd:77:fa,55
1738653995.6459334,cc:4e:24:dd:77:fa,6c:f6:da:80:61:1e,66
1738653995.7636964,cc:4e:24:dd:77:fa,6c:f6:da:80:61:1e,54
1738653995.8010051,cc:4e:24:dd:77:fa,6c:f6:da:80:61:1e,693
1738653995.8018665,cc:4e:24:dd:77:fa,6c:f6:da:80:61:1e,85
1738653995.8022692,6c:f6:da:80:61:1e,cc:4e:24:dd:77:fa,54
1738653995.9503078,6c:f6:da:80:61:1e,cc:4e:24:dd:77:fa,97
1738653995.9720988,cc:4e:24:dd:77:fa,6c:f6:da:80:61:1e,54
1738653995.9900467,cc:4e:24:dd:77:fa,6c:f6:da:80:61:1e,258
1738653996.03398,6c:f6:da:80:61:1e,cc:4e:24:dd:77:fa,54
1738653996.088064,cc:4e:24:dd:77:fa,6c:f6:da:80:61:1e,94
1738653996.1416266,6c:f6:da:80:61:1e,cc:4e:24:dd:77:fa,54
1738653996.159008,6c:f6:da:80:61:1e,cc:4e:24:dd:77:fa,189
1738653996.159775,6c:f6:da:80:61:1e,cc:4e:24:dd:77:fa,107
1738653996.2180643,cc:4e:24:dd:77:fa,6c:f6:da:80:61:1e,54
1738653996.2184484,cc:4e:24:dd:77:fa,6c:f6:da:80:61:1e,54
1738653996.4458718,cc:4e:24:dd:77:fa,6c:f6:da:80:61:1e,319
1738653996.4859014,6c:f6:da:80:61:1e,cc:4e:24:dd:77:fa,54
1738653997.2559178,6c:f6:da:80:61:1e,cc:4e:24:dd:77:fa,173
1738653997.2563887,6c:f6:da:80:61:1e,cc:4e:24:dd:77:fa,93
1738653997.2570088,6c:f6:da:80:61:1e,cc:4e:24:dd:77:fa,1494
1738653997.2575102,6c:f6:da:80:61:1e,cc:4e:24:dd:77:fa,1494
1738653997.2588658,6c:f6:da:80:61:1e,cc:4e:24:dd:77:fa,1494
1738653997.2595193,6c:f6:da:80:61:1e,cc:4e:24:dd:77:fa,1494
1738653997.2600384,6c:f6:da:80:61:1e,cc:4e:24:dd:77:fa,1494
1738653997.2605393,6c:f6:da:80:61:1e,cc:4e:24:dd:77:fa,1494
1738653997.2610204,6c:f6:da:80:61:1e,cc:4e:24:dd:77:fa,1494
1738653997.261481,6c:f6:da:80:61:1e,cc:4e:24:dd:77:fa,1494
1738653997.2619712,6c:f6:da:80:61:1e,cc:4e:24:dd:77:fa,1494
1738653997.2624521,6c:f6:da:80:61:1e,cc:4e:24:dd:77:fa,1494
1738653997.262916,6c:f6:da:80:61:1e,cc:4e:24:dd:77:fa,1494
1738653997.2633524,6c:f6:da:80:61:1e,cc:4e:24:dd:77:fa,620
1738653997.2637706,6c:f6:da:80:61:1e,cc:4e:24:dd:77:fa,332
1738653997.5129814,cc:4e:24:dd:77:fa,6c:f6:da:80:61:1e,54
1738653997.5134692,cc:4e:24:dd:77:fa,6c:f6:da:80:61:1e,54
1738653997.513781,cc:4e:24:dd:77:fa,6c:f6:da:80:61:1e,54
1738653997.5140917,cc:4e:24:dd:77:fa,6c:f6:da:80:61:1e,54
1738653997.5143816,cc:4e:24:dd:77:fa,6c:f6:da:80:61:1e,54
1738653997.5146673,cc:4e:24:dd:77:fa,6c:f6:da:80:61:1e,54
1738653997.5149748,cc:4e:24:dd:77:fa,6c:f6:da:80:61:1e,54
1738653997.5184543,cc:4e:24:dd:77:fa,6c:f6:da:80:61:1e,93
1738653997.5641434,6c:f6:da:80:61:1e,cc:4e:24:dd:77:fa,54
1738653997.8248563,cc:4e:24:dd:77:fa,6c:f6:da:80:61:1e,153
